title,location,company,link
"[TRUMPIA, 외국계] Frontend/Backend 각 부문 경력 개발자 모집",서울 강남구,트럼피아(주),http://www.saramin.co.kr/zf_user/jobs/relay/view?isMypage=no&rec_idx=38340133
AI플랫폼 React Frontend Engineer,서울 영등포구,(주)에이젠글로벌,http://www.saramin.co.kr/zf_user/jobs/relay/view?isMypage=no&rec_idx=38424782
Frontend 개발자 경력무관 채용 - 정규직,서울 강남구,(주)강남엄마,http://www.saramin.co.kr/zf_user/jobs/relay/view?isMypage=no&rec_idx=38416913
ASIC 제품 개발 Frontend 엔지니어 채용 공고,경기 용인시 기흥구,(주)알프스테크놀로지,http://www.saramin.co.kr/zf_user/jobs/relay/view?isMypage=no&rec_idx=38273689
㈜넷앤드 FrontEnd Developer 경력사원 채용,서울 영등포구,㈜넷앤드,http://www.saramin.co.kr/zf_user/jobs/relay/view?isMypage=no&rec_idx=38157715
Exchange Frontend Developer 인턴직 채용,서울 강남구,주식회사 코빗,http://www.saramin.co.kr/zf_user/jobs/relay/view?isMypage=no&rec_idx=38400173
[Qoo10] Frontend Web 마크업 담당자 채용공고,서울 강남구,지오시스 유한회사,http://www.saramin.co.kr/zf_user/jobs/relay/view?isMypage=no&rec_idx=38399206
Frontend (프론트엔드) 개발자 모집,경기 성남시 분당구,엔큐리티(주),http://www.saramin.co.kr/zf_user/jobs/relay/view?isMypage=no&rec_idx=38344871
[SPOTV] 웹 개발자 ( Frontend / Backend ) 경력 채용,서울 마포구,(주)스포티비,http://www.saramin.co.kr/zf_user/jobs/relay/view?isMypage=no&rec_idx=38364572
"전력O2O서비스 Frontend 개발자(웹, 신입/경력)",서울 강남구,(주)에이치에너지,http://www.saramin.co.kr/zf_user/jobs/relay/view?isMypage=no&rec_idx=38236883
웹(web)/프론트엔드(FrontEnd)/웹개발자(프로그래머)신입/경력,서울 강남구,피프티브릿지(주),http://www.saramin.co.kr/zf_user/jobs/relay/view?isMypage=no&rec_idx=38287347
[메쉬코리아(부릉)] Senior Frontend Developer 경력직 채용,서울 강남구,(주)메쉬코리아,http://www.saramin.co.kr/zf_user/jobs/relay/view?isMypage=no&rec_idx=38360431
[코스닥상장사] SW전문기업 Web FrontEnd개발자 모집,서울 송파구,알서포트(주),http://www.saramin.co.kr/zf_user/jobs/relay/view?isMypage=no&rec_idx=38294164
Frontend 개발 직군 모집,서울 서초구,보맵 주식회사,http://www.saramin.co.kr/zf_user/jobs/relay/view?isMypage=no&rec_idx=38187295
JAVA Web Frontend and Backend 개발자 모집,서울 서초구,(주)인텔리빅스,http://www.saramin.co.kr/zf_user/jobs/relay/view?isMypage=no&rec_idx=38261558
[코스닥상장사] SW전문기업 화상상담서비스 FrontEnd 개발자모집,서울 송파구,알서포트(주),http://www.saramin.co.kr/zf_user/jobs/relay/view?isMypage=no&rec_idx=38225712
[국내유망스타트업] FRONTEND DEVELOPER 경력사원 채용 - 정규직,서울 강남구,알디아이 월드와이드 리미티드,http://www.saramin.co.kr/zf_user/jobs/relay/view?isMypage=no&rec_idx=38318865
"FrontEnd (vue, react) 웹 개발 경력 수시 모집",서울 서초구,(주)라이앤캐처스,http://www.saramin.co.kr/zf_user/jobs/relay/view?isMypage=no&rec_idx=38143914
여행을 좋아하시는 FRONTEND DEVELOPER 구인합니다.,서울 중구,(주)리브햇,http://www.saramin.co.kr/zf_user/jobs/relay/view?isMypage=no&rec_idx=38294619
Cloud Tech Lab 신입/경력개발(BackEnd/FrontEnd) 채용,서울 영등포구,㈜넷앤드,http://www.saramin.co.kr/zf_user/jobs/relay/view?isMypage=no&rec_idx=38386170
마케팅테크연구소 프론트엔드/백엔드 경력직 채용 (상시),서울 강남구,㈜에코마케팅,http://www.saramin.co.kr/zf_user/jobs/relay/view?isMypage=no&rec_idx=38278292
[레코벨] Front-end 개발자 모집,서울 강남구,(주)레코벨,http://www.saramin.co.kr/zf_user/jobs/relay/view?isMypage=no&rec_idx=38294549
백엔드/프론트엔드 개발자 및 퍼블리셔 채용,서울 용산구,㈜제이슨그룹,http://www.saramin.co.kr/zf_user/jobs/relay/view?isMypage=no&rec_idx=38195821
각 부문 경력사원 채용 (프론트엔드/백엔드/퍼블리셔/웹디자이너),서울 강남구,인타임게임즈 주식회사,http://www.saramin.co.kr/zf_user/jobs/relay/view?isMypage=no&rec_idx=38420808
[연구개발팀] 프론트엔드/백엔드/AI 연구원 및 개발자 모집,부산 해운대구,아이트로스(주),http://www.saramin.co.kr/zf_user/jobs/relay/view?isMypage=no&rec_idx=38410225
[신입/경력] 웹개발(프론트엔드/백엔드) 정규직 채용,경기 성남시 분당구,(주)에어릭스,http://www.saramin.co.kr/zf_user/jobs/relay/view?isMypage=no&rec_idx=38405321
"(신입/경력)  웹 개발자 (프론트 엔드, 백엔드,  JAVA ) 모집",서울 구로구,(주)나온웍스,http://www.saramin.co.kr/zf_user/jobs/relay/view?isMypage=no&rec_idx=38410958
"서버 및 프론트엔드 개발자 모집 (경력무관, JAVA, react) 채용",서울 성동구,(주)동화소프트,http://www.saramin.co.kr/zf_user/jobs/relay/view?isMypage=no&rec_idx=38395951
한화호텔앤드리조트(주) 해운대 프론트 신입 채용,부산 해운대구,한화호텔앤드리조트(주),http://www.saramin.co.kr/zf_user/jobs/relay/view?isMypage=no&rec_idx=38423151
스마트팜 (웹 / 프론트-백 엔드 / Spring) 연구원 2명 모집,서울 영등포구,서우엠에스(주),http://www.saramin.co.kr/zf_user/jobs/relay/view?isMypage=no&rec_idx=38412481
머신러닝 솔루션 프론트엔드 개발자 모집,서울 구로구,매니코어소프트(주),http://www.saramin.co.kr/zf_user/jobs/relay/view?isMypage=no&rec_idx=38198294
[수시] EST Family 프론트엔드 개발(신입/경력),서울 서초구,이스트소프트,http://www.saramin.co.kr/zf_user/jobs/relay/view?isMypage=no&rec_idx=38418341
"프런트앤드 앱/웹 자바(JAVA) PHP, 클라우드 서비스 개발자 모집",경기 성남시 분당구,(주)웰데이타시스템,http://www.saramin.co.kr/zf_user/jobs/relay/view?isMypage=no&rec_idx=38413854
Front end 개발자 정규직 채용,경기 안양시 동안구,(주)데브툴즈,http://www.saramin.co.kr/zf_user/jobs/relay/view?isMypage=no&rec_idx=38171183
[허브디앤씨] 웹/앱 프론트엔드/백엔드 개발자,서울 강남구,허브디앤씨,http://www.saramin.co.kr/zf_user/jobs/relay/view?isMypage=no&rec_idx=37582736
[증강현실] 웹 백엔드/프론트엔드 개발자 채용 (신입/경력),서울 서초구,(주)맥스트,http://www.saramin.co.kr/zf_user/jobs/relay/view?isMypage=no&rec_idx=38391868
[React 개발자 모집] 웹 프론트엔드 및 백오피스 (Admin) 개발,서울 은평구,빌리버,http://www.saramin.co.kr/zf_user/jobs/relay/view?isMypage=no&rec_idx=38408486
주니어 프론트엔드 개발자 채용,서울 강남구,디케이랩,http://www.saramin.co.kr/zf_user/jobs/relay/view?isMypage=no&rec_idx=38329171
연구개발팀 프론트엔드/백엔드/AI 연구원 및 개발자 모집,부산 해운대구,아이트로스(주),http://www.saramin.co.kr/zf_user/jobs/relay/view?isMypage=no&rec_idx=38397269
프론트/백엔드 개발 정규직 채용,서울 강남구,㈜케이엘넷,http://www.saramin.co.kr/zf_user/jobs/relay/view?isMypage=no&rec_idx=38360283
[ Ai스타트업 ] 웹앱기획 ㆍ프론트엔드ㆍ백엔드 개발자 채용,서울 강남구,(주)옷딜,http://www.saramin.co.kr/zf_user/jobs/relay/view?isMypage=no&rec_idx=38224644
"Flutter개발, 백엔드, 프론트엔드 개발자 모집",서울 강남구,나인업소프트 주식회사,http://www.saramin.co.kr/zf_user/jobs/relay/view?isMypage=no&rec_idx=38156987
게임공유플랫폼 프론트엔드 웹프로그래머 모집,서울 서대문구,(주)프롬더레드,http://www.saramin.co.kr/zf_user/jobs/relay/view?isMypage=no&rec_idx=38368463
반도체 Design Service 엔지니어(Front end / Back end) 채용,서울 송파구,주식회사코아시아세미코리아,http://www.saramin.co.kr/zf_user/jobs/relay/view?isMypage=no&rec_idx=38409101
(신입) 프론트엔드(front end) 개발자 채용,부산 해운대구,말랑하니(주),http://www.saramin.co.kr/zf_user/jobs/relay/view?isMypage=no&rec_idx=38411832
[강소기업 차봇 모빌리티(주)] 프론트엔드개발자채용(경력/신입),서울 성동구,차봇 모빌리티 주식회사,http://www.saramin.co.kr/zf_user/jobs/relay/view?isMypage=no&rec_idx=38412606
[재택근무] 웹에이전시 채용/프론트엔드 개발자/백엔드 개발자,서울 마포구,(주)세컨드스페이스,http://www.saramin.co.kr/zf_user/jobs/relay/view?isMypage=no&rec_idx=38380676
"Back-end / Front-end 개발자 채용 (신입, 경력)",서울 송파구,네이버시스템(주),http://www.saramin.co.kr/zf_user/jobs/relay/view?isMypage=no&rec_idx=38340545
웹개발/Java/Angular/Javascript/풀스택/프론트엔드 신입/경력,경기 성남시 분당구,(주)이파피루스,http://www.saramin.co.kr/zf_user/jobs/relay/view?isMypage=no&rec_idx=38281692
[엔드림] 프론트엔드(Front-End) 개발자 모집-정규직,서울 송파구,(주)엔드림,http://www.saramin.co.kr/zf_user/jobs/relay/view?isMypage=no&rec_idx=38431934
(경력)프론트엔드 개발자 모집,서울 영등포구,오케스트로(주),http://www.saramin.co.kr/zf_user/jobs/relay/view?isMypage=no&rec_idx=38311246
Front-end 개발자 경력 채용,서울 강남구,(주)공팔리터,http://www.saramin.co.kr/zf_user/jobs/relay/view?isMypage=no&rec_idx=38349293
"[나무뉴스] 웹 프론트엔드, 백엔드 개발자 모집 (정규직)",서울 금천구,나무뉴스코리아유한책임회사,http://www.saramin.co.kr/zf_user/jobs/relay/view?isMypage=no&rec_idx=38407906
"[S/W 개발팀 정규직] 고객 관리 서비스 개발(프론트,백엔드)",서울 성동구,(주)크래블,http://www.saramin.co.kr/zf_user/jobs/relay/view?isMypage=no&rec_idx=38353501
[개발팀] 프론트엔드 / 퍼블리셔 경력&신입 모집,서울 강남구,(주)아웃라이어,http://www.saramin.co.kr/zf_user/jobs/relay/view?isMypage=no&rec_idx=38332945
"[카카오자회사] Front-end (Vuejs, Reactjs) 경력 채용 (제주)",제주 제주시,주식회사 디케이테크인,http://www.saramin.co.kr/zf_user/jobs/relay/view?isMypage=no&rec_idx=38404407
웹 개발(프런트앤드/백앤드)/앱 개발 및 웹디자인(UI/UX) 채용,대구 북구,필로우스튜디오,http://www.saramin.co.kr/zf_user/jobs/relay/view?isMypage=no&rec_idx=38379023
"SW개발팀(백엔드,프론트엔드) 신입/경력 채용",부산 남구,스마트선박벤처기술,http://www.saramin.co.kr/zf_user/jobs/relay/view?isMypage=no&rec_idx=38407520
"응용SW개발(IOS/Android 앱 개발, 웹 프론트앤드 개발) 모집",서울 강남구,오토그라운드 주식회사,http://www.saramin.co.kr/zf_user/jobs/relay/view?isMypage=no&rec_idx=38428199
"한화호텔앤드리조트(주)백암 정규직( 프런트,F&B,매표 )직원모집",경북 울진군,한화호텔앤드리조트(주)백암,http://www.saramin.co.kr/zf_user/jobs/relay/view?isMypage=no&rec_idx=38349601
프론트/백엔드 개발자 채용(차세대 플랫폼 개발/서비스 운영),서울 성동구,(주)쿠프마케팅,http://www.saramin.co.kr/zf_user/jobs/relay/view?isMypage=no&rec_idx=38427551
"웹개발(프론트,백엔드) / 응용 어플리케이션 경력 개발자 모집",서울 구로구,(주)제머나이소프트,http://www.saramin.co.kr/zf_user/jobs/relay/view?isMypage=no&rec_idx=38308132
"Front End 개발자 (연봉 3,500 - 6,000,  12시-18시, 주30시간)",경기 성남시 분당구,(주)시너지,http://www.saramin.co.kr/zf_user/jobs/relay/view?isMypage=no&rec_idx=38267326
"프론트엔드, Java·JSP, 백엔드 정규직/계약직 채용 - 경력무관",서울 마포구,㈜호디,http://www.saramin.co.kr/zf_user/jobs/relay/view?isMypage=no&rec_idx=38390280
"웹개발(프론트엔트,백엔드) 정규직 신입/경력 채용",대전 서구,(주)유아이컴,http://www.saramin.co.kr/zf_user/jobs/relay/view?isMypage=no&rec_idx=38348123
웹개발(Java·JSP&프론트엔드&백엔드) 채용합니다,서울 강동구,(주)다루소프트,http://www.saramin.co.kr/zf_user/jobs/relay/view?isMypage=no&rec_idx=38210921
앱 서비스 백엔드/프론트엔드 정규직 모집 공고(인재선발),서울 성동구,(주)비지피웍스,http://www.saramin.co.kr/zf_user/jobs/relay/view?isMypage=no&rec_idx=38429637
"[(주)프래프] 프론트앤드 개발자 채용 모집 (신입,경력)",서울 서초구,(주)프래프,http://www.saramin.co.kr/zf_user/jobs/relay/view?isMypage=no&rec_idx=38394281
"웹퍼블리셔, 프론트엔드 정규직 채용 공고문(신입&경력)",서울 송파구,디유비유포,http://www.saramin.co.kr/zf_user/jobs/relay/view?isMypage=no&rec_idx=38186241
[메디컬아이피] Web Front End / 모바일 앱 개발자 모집,서울 종로구,메디컬아이피 주식회사,http://www.saramin.co.kr/zf_user/jobs/relay/view?isMypage=no&rec_idx=38383463
[연봉4000만원 부터] 프론트/백엔드 개발자 모집,서울 금천구,(주)라온스토리,http://www.saramin.co.kr/zf_user/jobs/relay/view?isMypage=no&rec_idx=38369258
[테크사업부] 프론트엔드 개발자 채용,서울 서초구,매드업,http://www.saramin.co.kr/zf_user/jobs/relay/view?isMypage=no&rec_idx=38388640
소만사 Front-End 전문개발자(경력) 채용,서울 영등포구,(주)소만사,http://www.saramin.co.kr/zf_user/jobs/relay/view?isMypage=no&rec_idx=38415825
[FORBIZKOREA] 2020 프론트엔드 채용,서울 서초구,(주)포비즈코리아,http://www.saramin.co.kr/zf_user/jobs/relay/view?isMypage=no&rec_idx=38434543
AI 챗봇 플랫폼 Front-end 개발(병역특례가능),서울 강남구,(주)아크릴,http://www.saramin.co.kr/zf_user/jobs/relay/view?isMypage=no&rec_idx=38398615
[삼우이머션] 프론트엔드 개발자 모집,부산 해운대구,(주)삼우이머션,http://www.saramin.co.kr/zf_user/jobs/relay/view?isMypage=no&rec_idx=38431640
[플러스엑스] Front-end Developer 경력무관 모집 공고 - 정규직,서울 강남구,플러스엑스(주),http://www.saramin.co.kr/zf_user/jobs/relay/view?isMypage=no&rec_idx=38328523
"[격주4일근무] 프론트앤드, JS,HTML,CSS 개발자",서울 구로구,(주)씨투몬스터,http://www.saramin.co.kr/zf_user/jobs/relay/view?isMypage=no&rec_idx=38329307
"코로나19 에도 성장하는 (주)TDI 채용공고 - 백엔드, 프론트엔드",서울 서초구,(주)티디아이,http://www.saramin.co.kr/zf_user/jobs/relay/view?isMypage=no&rec_idx=38422559
[R&D본부] 웹프론트엔드 개발자 채용,서울 성동구,(주)쏘카,http://www.saramin.co.kr/zf_user/jobs/relay/view?isMypage=no&rec_idx=38404895
"퍼블리싱, 프론트엔드 개발자 정규직채용",서울 성동구,아이오유소프트(주),http://www.saramin.co.kr/zf_user/jobs/relay/view?isMypage=no&rec_idx=38375887
(신입/경력) 프론트엔드/백엔드 개발자 채용,부산 금정구,(주)록스,http://www.saramin.co.kr/zf_user/jobs/relay/view?isMypage=no&rec_idx=38398389
웹 프론트엔드(ReactJS) 개발자를 채용합니다.,서울 강남구,(주)위플래닛,http://www.saramin.co.kr/zf_user/jobs/relay/view?isMypage=no&rec_idx=38342683
"웹개발(프론트엔드, 백엔드, HTML) 채용",경기 하남시,주식회사 리앤로,http://www.saramin.co.kr/zf_user/jobs/relay/view?isMypage=no&rec_idx=38233003
플랫폼 'Front end 개발' & 'UX/UI 디자인' 인재를 모십니다,서울 강남구,(주)프로미티어스,http://www.saramin.co.kr/zf_user/jobs/relay/view?isMypage=no&rec_idx=38367761
[코드라인] 정규직 웹 개발자(프론트 엔드)  신입/경력 모집,서울 금천구,(주)코드라인,http://www.saramin.co.kr/zf_user/jobs/relay/view?isMypage=no&rec_idx=38241108
UI·UX디자인/프론트엔드 정규직/프리랜서 모집,대구 북구,네오폰스(주),http://www.saramin.co.kr/zf_user/jobs/relay/view?isMypage=no&rec_idx=38357842
가장 핫한 스타트업 - React 프론트엔드 / 웹 개발자 모집,경기 성남시 분당구,타이트(주),http://www.saramin.co.kr/zf_user/jobs/relay/view?isMypage=no&rec_idx=38349204
(스타트업) 웹개발자 모집 / 프론트 / 백엔드,경기 고양시 일산동구,(주) 갤럭시소프트,http://www.saramin.co.kr/zf_user/jobs/relay/view?isMypage=no&rec_idx=38234446
[정규직] 프론트엔드 개발자 채용,경기 부천시,(주)데일리버튼,http://www.saramin.co.kr/zf_user/jobs/relay/view?isMypage=no&rec_idx=38175991
[카카오자회사] Front-end 담당 리더 채용,경기 성남시 분당구,주식회사 디케이테크인,http://www.saramin.co.kr/zf_user/jobs/relay/view?isMypage=no&rec_idx=38390321
[카카오자회사] Front-end Developer 채용(판교오피스),경기 성남시 분당구,주식회사 디케이테크인,http://www.saramin.co.kr/zf_user/jobs/relay/view?isMypage=no&rec_idx=38390376
[해외 한인 포탈] CSS / HTML / 프론트엔드 / 퍼블리셔 모집,제주 서귀포시,몰포에버(주),http://www.saramin.co.kr/zf_user/jobs/relay/view?isMypage=no&rec_idx=38377367
[키즈팩토리] 신입 웹 프론트엔드 풀스택 개발자 모집,서울 서초구,주식회사 키즈팩토리,http://www.saramin.co.kr/zf_user/jobs/relay/view?isMypage=no&rec_idx=38225480
프론트엔드 개발자를 모집합니다.(react),서울 마포구,(주)위솝,http://www.saramin.co.kr/zf_user/jobs/relay/view?isMypage=no&rec_idx=38423376
프론트엔드 개발 및 퍼블리셔 부문 채용,서울 중구,(주)아인클라우드,http://www.saramin.co.kr/zf_user/jobs/relay/view?isMypage=no&rec_idx=38383231
프론트엔드/APP 개발자 모집,서울 종로구,디디에이치(주),http://www.saramin.co.kr/zf_user/jobs/relay/view?isMypage=no&rec_idx=38423384
공공장소 [IT개발팀] 웹 프론트엔드 개발자 채용,서울 강남구,공공장소,http://www.saramin.co.kr/zf_user/jobs/relay/view?isMypage=no&rec_idx=38238227
2020년 하반기 프론트엔드 경력무관 모집,서울 마포구,주식회사 펠로워즈,http://www.saramin.co.kr/zf_user/jobs/relay/view?isMypage=no&rec_idx=38283526
"프론트앤드(안드로이드, iOS) 채용",서울 강남구,(주)곧은,http://www.saramin.co.kr/zf_user/jobs/relay/view?isMypage=no&rec_idx=38314433
프론트엔드 주니어 개발자분을 모집합니다(정규직),서울 강남구,(주)힌터,http://www.saramin.co.kr/zf_user/jobs/relay/view?isMypage=no&rec_idx=38418530
(주)아이젠 공유플랫폼 프론트엔드 정규직 개발자 모집,경기 성남시 분당구,(주)아이젠,http://www.saramin.co.kr/zf_user/jobs/relay/view?isMypage=no&rec_idx=38379842
"잼페이스  앱 프론트앤드 개발 (리액트, 리액트 네이티브)",서울 서초구,(주)작당모의,http://www.saramin.co.kr/zf_user/jobs/relay/view?isMypage=no&rec_idx=38414911
[Front-end] 프론트엔드 개발자를 모십니다.,대구 남구,제이코프,http://www.saramin.co.kr/zf_user/jobs/relay/view?isMypage=no&rec_idx=38353230
웹개발(.NET/Python/프론트엔드/Ajax外 1개 부문) 채용 공고,서울 강남구,(주)스코웍,http://www.saramin.co.kr/zf_user/jobs/relay/view?isMypage=no&rec_idx=38371567
UI UX디자이너 및 프론트엔드개발자 모집,서울 서초구,(주)인블로,http://www.saramin.co.kr/zf_user/jobs/relay/view?isMypage=no&rec_idx=38393489
웹 프론트엔드 개발자 모집,서울 마포구,(주)더브이플래닛,http://www.saramin.co.kr/zf_user/jobs/relay/view?isMypage=no&rec_idx=38357468
플랫폼 프론트엔드 개발자 채용,서울 강남구,글로컬라이즈(주),http://www.saramin.co.kr/zf_user/jobs/relay/view?isMypage=no&rec_idx=38342299
데브옵스팀 프론트엔드 개발자 경력무관 채용,서울 마포구,위인터랙트(주),http://www.saramin.co.kr/zf_user/jobs/relay/view?isMypage=no&rec_idx=38299010
[정규직] 프롭테크 Front-end 개발자 모집,서울 강남구,빅테크플러스(주),http://www.saramin.co.kr/zf_user/jobs/relay/view?isMypage=no&rec_idx=38365309
[비긴메이트] React 프론트엔드 개발자 / 퍼블리셔 채용,서울 강남구,"주식회사 비긴메이트(Beginmate Co. ,Ltd,)",http://www.saramin.co.kr/zf_user/jobs/relay/view?isMypage=no&rec_idx=38259269
웹 개발-프론트엔드 개발자,서울 송파구,건아정보기술㈜,http://www.saramin.co.kr/zf_user/jobs/relay/view?isMypage=no&rec_idx=38374369
웹 개발/프론트엔드/퍼블리싱 교강사 모집,대구 동구,한국IT교육원,http://www.saramin.co.kr/zf_user/jobs/relay/view?isMypage=no&rec_idx=38424018
"PHP 개발자 / 운영사이트 유지보수 및 Front-End, Back-End 개발",서울 강북구,(주)네오베이,http://www.saramin.co.kr/zf_user/jobs/relay/view?isMypage=no&rec_idx=38405543
스테이폴리오 v3를 개발할 프론트 및 백앤드 개발자 모집,서울 종로구,(주)스테이폴리오,http://www.saramin.co.kr/zf_user/jobs/relay/view?isMypage=no&rec_idx=38318914
웹개발(프론트엔드)  신입/경력 모집합니다.(정규직),서울 영등포구,(주)그래비젼,http://www.saramin.co.kr/zf_user/jobs/relay/view?isMypage=no&rec_idx=38212612
[정규직]  자바 Front-end 개발자(신입) 모집,경남 창원시,인그리드,http://www.saramin.co.kr/zf_user/jobs/relay/view?isMypage=no&rec_idx=38421979
프론트엔드 퍼블리셔 채용 (신입),서울 금천구,(주)린코,http://www.saramin.co.kr/zf_user/jobs/relay/view?isMypage=no&rec_idx=38435041
(주)파나시아 IT연구팀 풀스택/프론트엔드 개발자 경력직 모집,부산 강서구,(주)파나시아,http://www.saramin.co.kr/zf_user/jobs/relay/view?isMypage=no&rec_idx=38332859
[Medit] 백엔드 개발자 / 프론트엔드 개발자 채용,서울 성북구,(주)메디트,http://www.saramin.co.kr/zf_user/jobs/relay/view?isMypage=no&rec_idx=38154046
[(주)에이아이매틱스] 프론트엔드/백엔드 개발자 모집,서울 영등포구,(주)에이아이매틱스,http://www.saramin.co.kr/zf_user/jobs/relay/view?isMypage=no&rec_idx=38188248
티페이 Front-end (React) 개발자 채용,서울 성동구,(주)티페이,http://www.saramin.co.kr/zf_user/jobs/relay/view?isMypage=no&rec_idx=38340620
JAVA Front End 및 Back end 개발 프리랜서 모집,서울 금천구,(주)엔비웨어,http://www.saramin.co.kr/zf_user/jobs/relay/view?isMypage=no&rec_idx=38411851
SV그룹 개발직군 채용 (Front-end/Back-end/Android/iOS),서울 강남구,(주)에스브이,http://www.saramin.co.kr/zf_user/jobs/relay/view?isMypage=no&rec_idx=38178031
"Node.js, Javascript 플랫폼 및 프론트엔드, 웹개발 모집",서울 성동구,와인소프트(주),http://www.saramin.co.kr/zf_user/jobs/relay/view?isMypage=no&rec_idx=38364031
웹 사이트 개발(Front-End) 좋아하는 사람 모집,대전 유성구,주식회사 베니페,http://www.saramin.co.kr/zf_user/jobs/relay/view?isMypage=no&rec_idx=38416847
개발자(프론트엔드or백엔드or풀스텍) 정규직 모집공고,대구 수성구,인터라인,http://www.saramin.co.kr/zf_user/jobs/relay/view?isMypage=no&rec_idx=38265888
프론트엔드&Java·JSP&백엔드 정규직 채용합니다 - 경력무관,서울 송파구,(주)파이온시스템즈,http://www.saramin.co.kr/zf_user/jobs/relay/view?isMypage=no&rec_idx=38342383
"[인턴] 프론트/백엔드, 데이터사이언티스트 모집",경기 성남시 분당구,(주)비카누스,http://www.saramin.co.kr/zf_user/jobs/relay/view?isMypage=no&rec_idx=38394904
프론트엔드 웹 개발자를 모십니다  (경력/신입),서울 송파구,(주)앱테스트에이아이,http://www.saramin.co.kr/zf_user/jobs/relay/view?isMypage=no&rec_idx=38167642
"프론트/백엔드 개발, 데이터사이언티스트 모집",경기 성남시 분당구,(주)비카누스,http://www.saramin.co.kr/zf_user/jobs/relay/view?isMypage=no&rec_idx=38395240
개발자(프론트엔드/백엔드/풀스텍) 정규직 모집공고,경기 성남시 수정구,인터라인,http://www.saramin.co.kr/zf_user/jobs/relay/view?isMypage=no&rec_idx=38160001
프론트엔드 / 백엔드 / 모바일 개발자 채용,서울 강남구,(주)우디,http://www.saramin.co.kr/zf_user/jobs/relay/view?isMypage=no&rec_idx=38433563
(정규직) Front-end 개발자 모집,서울 마포구,(주)스트리스,http://www.saramin.co.kr/zf_user/jobs/relay/view?isMypage=no&rec_idx=38323992
"[브리치] 프론트(vue.js) 및 백엔드(php, laravel) 개발자 채용",서울 강남구,(주)브리치,http://www.saramin.co.kr/zf_user/jobs/relay/view?isMypage=no&rec_idx=38223501
프론트엔드 개발자 모집(React),서울 강남구,(주)혼밥인의만찬,http://www.saramin.co.kr/zf_user/jobs/relay/view?isMypage=no&rec_idx=38349190
"[연봉 4,000보장] React Native 프론트엔드 개발자 경력자 모집",서울 강남구,(주)플라잉캣,http://www.saramin.co.kr/zf_user/jobs/relay/view?isMypage=no&rec_idx=38408671
2020년 경력사원 모집(프론트엔드 개발자),서울 강남구,주식회사 구하다,http://www.saramin.co.kr/zf_user/jobs/relay/view?isMypage=no&rec_idx=38426141
"[TENDOM] 프론트엔드 개발자 모집 (React, React-Native, Web)",서울 마포구,(주)텐덤,http://www.saramin.co.kr/zf_user/jobs/relay/view?isMypage=no&rec_idx=38244448
"[카카오자회사] Front-end 개발 (Vue,React,ES6) 판교오피스",경기 성남시 분당구,주식회사 디케이테크인,http://www.saramin.co.kr/zf_user/jobs/relay/view?isMypage=no&rec_idx=38390626
[카카오자회사] Front-end 개발 경력 채용 (가산),서울 금천구,주식회사 디케이테크인,http://www.saramin.co.kr/zf_user/jobs/relay/view?isMypage=no&rec_idx=38390717
프론트엔드 개발자(웹퍼블리셔) 경력자 모집(신입 지원 가능),서울 서초구,루나랩스(주),http://www.saramin.co.kr/zf_user/jobs/relay/view?isMypage=no&rec_idx=38428820
"웹개발(프론트엔드, 백엔드) 채용합니다",대전 유성구,(주)알디프로젝트,http://www.saramin.co.kr/zf_user/jobs/relay/view?isMypage=no&rec_idx=38225650
프론트엔드 개발자 모집,서울 서초구,(주)이노커스,http://www.saramin.co.kr/zf_user/jobs/relay/view?isMypage=no&rec_idx=38299758
(주)알큐브 개발PL/ iOS/ Android/ Front-end Web 개발자 채용,서울 강남구,(주)알큐브,http://www.saramin.co.kr/zf_user/jobs/relay/view?isMypage=no&rec_idx=38424372
글로핸즈와 함께할 프론트 엔드 개발자를 찾습니다.,서울 성동구,(주)글로핸즈,http://www.saramin.co.kr/zf_user/jobs/relay/view?isMypage=no&rec_idx=38386500
프론트엔드 개발자 경력 모집 - 정규직,인천 부평구,(주)집쇼코리아,http://www.saramin.co.kr/zf_user/jobs/relay/view?isMypage=no&rec_idx=38408631
"프론트엔드 (안드로이드,iOS) 채용",전남 순천시,시리얼즈,http://www.saramin.co.kr/zf_user/jobs/relay/view?isMypage=no&rec_idx=38313850
프론트엔드(Angular2+) 정규직&계약직 채용합니다(경력무관),서울 송파구,브레이스,http://www.saramin.co.kr/zf_user/jobs/relay/view?isMypage=no&rec_idx=38429739
프론트엔드 개발자  경력 및 신입 모집 - 정규직,서울 금천구,에피카(주),http://www.saramin.co.kr/zf_user/jobs/relay/view?isMypage=no&rec_idx=38247153
프론트엔드 정규직 모집합니다(경력),서울 중구,(주)테크밸류,http://www.saramin.co.kr/zf_user/jobs/relay/view?isMypage=no&rec_idx=38244257
[네이버파이낸셜] 프론트엔드 개발자 모집,경기 성남시 분당구,네이버파이낸셜(주),http://www.saramin.co.kr/zf_user/jobs/relay/view?isMypage=no&rec_idx=38320584
[상장사/보라매] 웹 Front-end 개발자 모집,서울 영등포구,현대통신,http://www.saramin.co.kr/zf_user/jobs/relay/view?isMypage=no&rec_idx=38350587
"아이나비 Web 개발(Back-End, Front-End) 경력사원 모집",경기 성남시 분당구,주식회사 아이나비시스템즈,http://www.saramin.co.kr/zf_user/jobs/relay/view?isMypage=no&rec_idx=38415440
웹개발(백엔드/프론트엔드) 채용,서울 금천구,㈜캐디언스시스템,http://www.saramin.co.kr/zf_user/jobs/relay/view?isMypage=no&rec_idx=38424763
JAVA /  Front end / Back end SI 개발자(정규),서울 강서구,(주)바즐시스템,http://www.saramin.co.kr/zf_user/jobs/relay/view?isMypage=no&rec_idx=38276652
Java jsp 프론트엔드/ 백엔드 정규직 [경력자 및 PM] 채용합니다,서울 마포구,하트미디어(주),http://www.saramin.co.kr/zf_user/jobs/relay/view?isMypage=no&rec_idx=38279270
웹개발(HTML&UI/UX&퍼블리셔&프론트엔드) 채용 공고,서울 서초구,(주)싸이버원,http://www.saramin.co.kr/zf_user/jobs/relay/view?isMypage=no&rec_idx=38432833
"Python, 프론트엔드, PHP, HTML外 정규직 채용(경력무관)",경기 성남시 분당구,그림소프트,http://www.saramin.co.kr/zf_user/jobs/relay/view?isMypage=no&rec_idx=38345644
"웹개발(.NET, 프론트엔드, 백엔드) 채용",서울 마포구,(주)에스제이테크놀로지,http://www.saramin.co.kr/zf_user/jobs/relay/view?isMypage=no&rec_idx=38386129
스타트업 구루미에서 프론트엔드 / 백엔드 개발자를 채용합니다.,서울 강남구,(주)구루미,http://www.saramin.co.kr/zf_user/jobs/relay/view?isMypage=no&rec_idx=38293319
ASIC Front-End & Back-End 부문 담당자 모집,경기 화성시,코아에이스,http://www.saramin.co.kr/zf_user/jobs/relay/view?isMypage=no&rec_idx=38416493
웹프로그래머(백앤드/프론트)개발자 채용  [신입],광주 북구,(주)엠알티,http://www.saramin.co.kr/zf_user/jobs/relay/view?isMypage=no&rec_idx=38294839
"웹개발(SPring 기반 프론트엔드, Java 등) 퍼블리셔 추가 모집",세종특별자치시,(주)에이브로스,http://www.saramin.co.kr/zf_user/jobs/relay/view?isMypage=no&rec_idx=38392742
Web (Front-End) 개발 모집 공고,서울 송파구,(주)여우전자,http://www.saramin.co.kr/zf_user/jobs/relay/view?isMypage=no&rec_idx=38412925
"(경력무관) 프론트엔드, 백엔드 정규직 채용합니다",서울 마포구,(주)인사이터,http://www.saramin.co.kr/zf_user/jobs/relay/view?isMypage=no&rec_idx=38326641
"2020년 하반기 프론트엔드, 백엔드, 서버구축外 신입 채용",광주 서구,이지컴,http://www.saramin.co.kr/zf_user/jobs/relay/view?isMypage=no&rec_idx=38291426
"웹개발(프론트엔드, 백엔드) 채용",부산 해운대구,사람,http://www.saramin.co.kr/zf_user/jobs/relay/view?isMypage=no&rec_idx=38361424
2020년 하반기 자바스크립트/HTML/프론트엔드 외 경력무관 채용,서울 강남구,(주)서울애널리티카,http://www.saramin.co.kr/zf_user/jobs/relay/view?isMypage=no&rec_idx=38377023
"웹퍼블리싱, 프론트 및 백앤드 개발",경기 고양시 덕양구,퍼닝,http://www.saramin.co.kr/zf_user/jobs/relay/view?isMypage=no&rec_idx=38396167
웹개발(프론트엔드/백엔드/PHP/Ajax) 채용(카페24 파트너사),서울 금천구,(주)애드펄스,http://www.saramin.co.kr/zf_user/jobs/relay/view?isMypage=no&rec_idx=38310015
"[업계1위/워라밸복지]  JAVA 백엔드,프론트엔드 경력직 채용",서울 구로구,(주)인라이플,http://www.saramin.co.kr/zf_user/jobs/relay/view?isMypage=no&rec_idx=38406106
[웹에이전시] 정규직 워드프레스 프론트엔드 개발자 (신입/경력),서울 마포구,주식회사 카레나인터랙티브,http://www.saramin.co.kr/zf_user/jobs/relay/view?isMypage=no&rec_idx=38435894
(경력) 백엔드/프론트엔드 정규직 채용(각 부문별),경기 성남시 분당구,한국전력정보(주),http://www.saramin.co.kr/zf_user/jobs/relay/view?isMypage=no&rec_idx=38332690
Front End 개발자를 찾습니다,서울 중구,(주)헬로디지털,http://www.saramin.co.kr/zf_user/jobs/relay/view?isMypage=no&rec_idx=38323893
코더와 개발자의 차이를 아는 디테일한 프론트엔드 개발자 채용,서울 성동구,(주)피프틴에이치,http://www.saramin.co.kr/zf_user/jobs/relay/view?isMypage=no&rec_idx=38151121
프론트엔드 개발 담당자 채용,경기 고양시 일산동구,디휴브,http://www.saramin.co.kr/zf_user/jobs/relay/view?isMypage=no&rec_idx=38287351
프론트엔드 개발자 채용,서울 중구,마이뱅크(주),http://www.saramin.co.kr/zf_user/jobs/relay/view?isMypage=no&rec_idx=38433643
프론트엔드 개발자 모집,서울 서초구,키네마스터 주식회사,http://www.saramin.co.kr/zf_user/jobs/relay/view?isMypage=no&rec_idx=38345750
아이엠아이 웹 개발자(Front-End) 모집-전주,전북 전주시 덕진구,㈜아이엠아이,http://www.saramin.co.kr/zf_user/jobs/relay/view?isMypage=no&rec_idx=38351504
Front-end 개발 [React / Redux],서울 영등포구,스냅스,http://www.saramin.co.kr/zf_user/jobs/relay/view?isMypage=no&rec_idx=38414046
HTML5 Canvas 기반의 웹 프론트엔드 개발자,서울 금천구,인텔리코리아,http://www.saramin.co.kr/zf_user/jobs/relay/view?isMypage=no&rec_idx=38286272
백엔드/프론트엔드/DevOps 개발자 모집(경력),경기 화성시,(주)에프엠에스코리아,http://www.saramin.co.kr/zf_user/jobs/relay/view?isMypage=no&rec_idx=38399988
웹 프론트엔드 개발자 및 C# 개발자 채용 공고,경기 수원시 영통구,유디엠텍,http://www.saramin.co.kr/zf_user/jobs/relay/view?isMypage=no&rec_idx=38355899
프론트엔드 웹 개발자 정규직 채용,서울 구로구,(주) 온코어에스엔티,http://www.saramin.co.kr/zf_user/jobs/relay/view?isMypage=no&rec_idx=38231007
[티몬]  신사업개발 Front end 개발자,서울 강남구,(주)티몬,http://www.saramin.co.kr/zf_user/jobs/relay/view?isMypage=no&rec_idx=38289512
[집닥] 백엔드/프론트엔드 개발자 경력직 채용,서울 강남구,집닥 주식회사,http://www.saramin.co.kr/zf_user/jobs/relay/view?isMypage=no&rec_idx=38314563
퓨쳐스트림네트웍스(카울리) - Front-end 웹개발자 모집,서울 강남구,(주)퓨쳐스트림네트웍스,http://www.saramin.co.kr/zf_user/jobs/relay/view?isMypage=no&rec_idx=38343743
[예비유니콘기업]프론트엔드 개발자 채용,서울 구로구,(주)네오랩컨버전스,http://www.saramin.co.kr/zf_user/jobs/relay/view?isMypage=no&rec_idx=38401893
[세종/판교/웹개발/경력] 연구소 Front/Back End 경력직 모집,세종특별자치시,(주)에이텍티앤,http://www.saramin.co.kr/zf_user/jobs/relay/view?isMypage=no&rec_idx=38389123
Front-end 개발 경력자,경기 성남시 분당구,주식회사 큐버,http://www.saramin.co.kr/zf_user/jobs/relay/view?isMypage=no&rec_idx=38285434
키즈노트 웹 프론트엔드 개발 채용(경력직),경기 성남시 분당구,(주)키즈노트,http://www.saramin.co.kr/zf_user/jobs/relay/view?isMypage=no&rec_idx=38248840
2020년 하반기 프론트엔드 및 백엔드 소프트웨어 엔지니어 채용,세종특별자치시,(주)데이타이음,http://www.saramin.co.kr/zf_user/jobs/relay/view?isMypage=no&rec_idx=38159110
"[민병철유폰] 프론트엔드 개발자 (ReactJS 경험자, 경력 6년~)",서울 강남구,(주)민병철교육그룹,http://www.saramin.co.kr/zf_user/jobs/relay/view?isMypage=no&rec_idx=38410732
[스타트업] 웹 프론트 엔드 ( Web Front-end ) 시니어 개발자,서울 서초구,(주)럭스로보,http://www.saramin.co.kr/zf_user/jobs/relay/view?isMypage=no&rec_idx=38231616
Front-end 개발자 공개채용,경기 성남시 수정구,(주)아이브랩,http://www.saramin.co.kr/zf_user/jobs/relay/view?isMypage=no&rec_idx=38310332
React 기반 웹 프론트엔드 개발자,서울 서초구,카랩 주식회사,http://www.saramin.co.kr/zf_user/jobs/relay/view?isMypage=no&rec_idx=38361278
프론트엔드 (모바일앱) 개발자,경기 성남시 분당구,주식회사 인공지능연구원,http://www.saramin.co.kr/zf_user/jobs/relay/view?isMypage=no&rec_idx=38229185
2020년/상반기/웹디자인/웹개발/프론트엔드 경력직 채용,부산 남구,(주)에이아이플랫폼,http://www.saramin.co.kr/zf_user/jobs/relay/view?isMypage=no&rec_idx=38311005
"AI기술기반 Front-end, Back-end, Android 개발 및 운영(경력)",경기 성남시 분당구,(주)알체라,http://www.saramin.co.kr/zf_user/jobs/relay/view?isMypage=no&rec_idx=38148012
농업회사법인 (주)유프레시 Front-end 개발자를 채용합니다,제주 제주시,유프레시(주),http://www.saramin.co.kr/zf_user/jobs/relay/view?isMypage=no&rec_idx=38189852
프론트엔드 웹 개발자를 모십니다,서울 강남구,(주)쿼드마이너,http://www.saramin.co.kr/zf_user/jobs/relay/view?isMypage=no&rec_idx=38399849
응용프로그램개발(HTML 프론트엔드 부문) 채용 공고,대전 유성구,(주)시정,http://www.saramin.co.kr/zf_user/jobs/relay/view?isMypage=no&rec_idx=38417440
[한국인재개발원]웹디자인/웹퍼블리싱/프론트엔드 직업훈련교사,서울 구로구,제이엠피코리아(주),http://www.saramin.co.kr/zf_user/jobs/relay/view?isMypage=no&rec_idx=38434506
PC/모바일 Web Front-end 개발자 채용,서울 용산구,(주)케이에스티인텔리전스,http://www.saramin.co.kr/zf_user/jobs/relay/view?isMypage=no&rec_idx=38265823
무인 매장 운영 시스템 Web Front-end Engineer 모십니다,부산 해운대구,(주)오래,http://www.saramin.co.kr/zf_user/jobs/relay/view?isMypage=no&rec_idx=38201795
웹플랫폼개발 스타트업 Front-End 채용[경력직],서울 강남구,에이쏠,http://www.saramin.co.kr/zf_user/jobs/relay/view?isMypage=no&rec_idx=38258164
[Mondrian AI] 프론트엔드 경력 개발자 채용합니다.,인천 연수구,몬드리안에이아이(주),http://www.saramin.co.kr/zf_user/jobs/relay/view?isMypage=no&rec_idx=38206996
백엔드&프론트엔드 정규직 채용합니다(경력사원),부산 해운대구,위더스콘텐츠,http://www.saramin.co.kr/zf_user/jobs/relay/view?isMypage=no&rec_idx=38226802
React기반 웹 프론트엔드 개발자,서울 강남구,아이앤디(I&D),http://www.saramin.co.kr/zf_user/jobs/relay/view?isMypage=no&rec_idx=38301066
"프론트엔드 개발자 모집(리액트네이티브, react-native)",서울 마포구,(주)위솝,http://www.saramin.co.kr/zf_user/jobs/relay/view?isMypage=no&rec_idx=38423369
NAVER China(북경) 뮤직 Front-end 개발자 경력직 모집,중국.홍콩 중국.홍콩,beijingshilianhudongwangluoyouxiangongsi,http://www.saramin.co.kr/zf_user/jobs/relay/view?isMypage=no&rec_idx=38182063
"프론트엔드 개발자를 모집합니다 (React-native, HTML5)",인천 연수구,바이더타임,http://www.saramin.co.kr/zf_user/jobs/relay/view?isMypage=no&rec_idx=38305632
웹개발(프론트엔드/백엔드) 모집합니다,서울 강남구,주식회사 배틀리카,http://www.saramin.co.kr/zf_user/jobs/relay/view?isMypage=no&rec_idx=38183942
React 기반 웹 프론트엔드 개발자,서울 서초구,모다온에어 주식회사,http://www.saramin.co.kr/zf_user/jobs/relay/view?isMypage=no&rec_idx=38361399
React Native / React.js 프론트엔드 개발자분 모집합니다,서울 강남구,주식회사 국민랩스,http://www.saramin.co.kr/zf_user/jobs/relay/view?isMypage=no&rec_idx=38230968
[팀윙크] 프론트엔드 개발자(경력) 채용,서울 서초구,팀윙크(주),http://www.saramin.co.kr/zf_user/jobs/relay/view?isMypage=no&rec_idx=38363398
React 기반 웹 프론트엔드 개발자,서울 서초구,모다온에어 주식회사,http://www.saramin.co.kr/zf_user/jobs/relay/view?isMypage=no&rec_idx=38362409
[서울도시가스 모바일앱] 프론트엔드/백엔드 개발자(경력) 채용,서울 마포구,에스씨지랩(주),http://www.saramin.co.kr/zf_user/jobs/relay/view?isMypage=no&rec_idx=38323976
직업훈련교사모집 (웹개발/정보기술개발/프론트엔드/웹퍼블리싱),경기 성남시 분당구,(주)이젠아카데미컴퓨터학원,http://www.saramin.co.kr/zf_user/jobs/relay/view?isMypage=no&rec_idx=38282297
"웹 프론트엔드, PWA 개발자 모집",서울 강남구,(주)넘버스,http://www.saramin.co.kr/zf_user/jobs/relay/view?isMypage=no&rec_idx=38306568
"웹 프론트엔드 개발(React, JavaScript 또는 CSS, HTML 등)",경기 성남시 분당구,(주)엘커넥티드,http://www.saramin.co.kr/zf_user/jobs/relay/view?isMypage=no&rec_idx=38378242
부모시대에서 함께할 프론트엔드 개발자 모집합니다(경력),경기 성남시 분당구,(주)부모시대,http://www.saramin.co.kr/zf_user/jobs/relay/view?isMypage=no&rec_idx=38351672
"R&D센터 백엔드, PHP, 프론트엔드 경력직 모집",서울 금천구,프로베스트소프트 주식회사,http://www.saramin.co.kr/zf_user/jobs/relay/view?isMypage=no&rec_idx=38387095
[메가스터디IT] 프론트엔드/리눅스/프로그래밍 강사채용,서울 강남구,메가아이티 컴퓨터 학원,http://www.saramin.co.kr/zf_user/jobs/relay/view?isMypage=no&rec_idx=38262330
[블로코] 웹서비스 개발 프론트엔드 개발자 채용,경기 성남시 분당구,(주)블로코,http://www.saramin.co.kr/zf_user/jobs/relay/view?isMypage=no&rec_idx=38369079
(주)네오젠소프트 WEB Front-End 개발자 채용 (경력),경기 성남시 분당구,(주)네오젠소프트,http://www.saramin.co.kr/zf_user/jobs/relay/view?isMypage=no&rec_idx=38389392
"웹 어플리케이션 개발, Front-end API 개발",경기 고양시 덕양구,(주)가온솔루션,http://www.saramin.co.kr/zf_user/jobs/relay/view?isMypage=no&rec_idx=38284749
"2020년 프론트엔드/백엔드, Java·JSP, Ajax外 경력 채용.",서울 마포구,(주)아이티네이드,http://www.saramin.co.kr/zf_user/jobs/relay/view?isMypage=no&rec_idx=38354246
프론트엔드 개발자 모집합니다.(React.js/Angular.js/Vue.js),경기 이천시,(주)이원정보기술,http://www.saramin.co.kr/zf_user/jobs/relay/view?isMypage=no&rec_idx=38341344
"[정규직 경력] 모바일/웹, 프론트엔드, 백엔드,  IOS/AOS앱 개발",서울 영등포구,(주)티파이브온라인,http://www.saramin.co.kr/zf_user/jobs/relay/view?isMypage=no&rec_idx=38210868
"[정규직] 웹 개발자 (프론트 엔드, 리눅스, 자바스크립트)",서울 서대문구,(주)카이팜,http://www.saramin.co.kr/zf_user/jobs/relay/view?isMypage=no&rec_idx=38150604
"앱 app (안드로이드, 프론트+백 엔드) 개발자 채용",울산 남구,주식회사넷클로버,http://www.saramin.co.kr/zf_user/jobs/relay/view?isMypage=no&rec_idx=38175583
"프론트엔트, 백엔드 개발자 2명 모십니다. (경력 2년 이상/병특)",서울 광진구,(주)리틀송뮤직,http://www.saramin.co.kr/zf_user/jobs/relay/view?isMypage=no&rec_idx=38156909
"디자인서비스 경력 구인(Front End, Back End/Manual layout)",경기 화성시,(주)하나텍,http://www.saramin.co.kr/zf_user/jobs/relay/view?isMypage=no&rec_idx=38275114
React.js 프론트엔드 개발자 채용공고,경기 성남시 분당구,텍스토리(주),http://www.saramin.co.kr/zf_user/jobs/relay/view?isMypage=no&rec_idx=38256302
"PHP 웹 개발 (프론트엔드, 백엔드, Api 개발) 경력자를 모십니다",서울 마포구,(주)피플벤처스,http://www.saramin.co.kr/zf_user/jobs/relay/view?isMypage=no&rec_idx=38290378
"JAVA(Spring Framework), JSP (Front-end  개발 플러스)",서울 서초구,해드앤하트,http://www.saramin.co.kr/zf_user/jobs/relay/view?isMypage=no&rec_idx=38276919
UI·UX디자인&제품디자인&백엔드&프론트엔드 外 정규직,서울 강남구,(주)바나나톡,http://www.saramin.co.kr/zf_user/jobs/relay/view?isMypage=no&rec_idx=38282300
"[경력, 신입] 프론트엔드&Java·JSP&PHP&HTML 정규직 채용 공고",대전 서구,주식회사 투비유니콘,http://www.saramin.co.kr/zf_user/jobs/relay/view?isMypage=no&rec_idx=38281405
프론트엔드 / 백엔드 개발자 채용,서울 강남구,(주)바나나톡,http://www.saramin.co.kr/zf_user/jobs/relay/view?isMypage=no&rec_idx=38285726
웹프로그프로그래머/프론트엔드/웹개발/백엔드 경력 채용 공고,경기 고양시 일산동구,지캐스트 이엔티,http://www.saramin.co.kr/zf_user/jobs/relay/view?isMypage=no&rec_idx=38410979
"럭셔리 커머스 '발란' UX,UI디자이너/프론트엔드 개발자 채용",서울 강남구,주식회사 발란,http://www.saramin.co.kr/zf_user/jobs/relay/view?isMypage=no&rec_idx=38374261
광교연구소 프론트엔드 경력직 모집,경기 수원시 영통구,㈜코렌스,http://www.saramin.co.kr/zf_user/jobs/relay/view?isMypage=no&rec_idx=38300230
[젠틀몬스터] 프론트엔드 개발자 경력 채용,서울 마포구,(주)아이아이컴바인드,http://www.saramin.co.kr/zf_user/jobs/relay/view?isMypage=no&rec_idx=38279980
Front End 개발 정규직 모집,서울 금천구,(주)엔비웨어,http://www.saramin.co.kr/zf_user/jobs/relay/view?isMypage=no&rec_idx=38411561
front-end 개발자 모집(Vue.js 개발 경험자 우대),경기 의왕시,에프에이리눅스㈜,http://www.saramin.co.kr/zf_user/jobs/relay/view?isMypage=no&rec_idx=38163187
[티몬] Front end 개발자,서울 강남구,(주)티몬,http://www.saramin.co.kr/zf_user/jobs/relay/view?isMypage=no&rec_idx=38289523
"Back-End, Front-End 개발자 모집",서울 금천구,(주)카비,http://www.saramin.co.kr/zf_user/jobs/relay/view?isMypage=no&rec_idx=38348710
Front-end 개발자 채용,서울 강남구,(주)피엑스디,http://www.saramin.co.kr/zf_user/jobs/relay/view?isMypage=no&rec_idx=38223826
[정규직] 퍼블리셔/Front End 개발자 모집,서울 금천구,양재아이티(주),http://www.saramin.co.kr/zf_user/jobs/relay/view?isMypage=no&rec_idx=38293603
[정규직] 퍼블리셔/Front End 경력 개발자 모집,서울 금천구,양재아이티(주),http://www.saramin.co.kr/zf_user/jobs/relay/view?isMypage=no&rec_idx=38295561
"[격주4일근무] html, css, js/프론트엔드",서울 구로구,(주)씨투몬스터,http://www.saramin.co.kr/zf_user/jobs/relay/view?isMypage=no&rec_idx=38311173
(부산) 프론트엔드 개발자를 찾습니다,부산 부산진구,백스테이션(주),http://www.saramin.co.kr/zf_user/jobs/relay/view?isMypage=no&rec_idx=38227202
프론트엔드 개발자를 찾습니다,서울 성동구,백스테이션(주),http://www.saramin.co.kr/zf_user/jobs/relay/view?isMypage=no&rec_idx=38328874
[경력] 똑닥 비브로스 웹프론트엔드 개발자 채용,서울 강남구,(주)비브로스,http://www.saramin.co.kr/zf_user/jobs/relay/view?isMypage=no&rec_idx=38234953
[경력] 리더급 Front-end / Publishing 개발자 채용,서울 강남구,(주)애드쿠아인터렉티브,http://www.saramin.co.kr/zf_user/jobs/relay/view?isMypage=no&rec_idx=38362119
프론트엔드개발 - 의료데이터 서비스,서울 강남구,(주)아이알엠,http://www.saramin.co.kr/zf_user/jobs/relay/view?isMypage=no&rec_idx=38242254
[로봇 스타트업] (주)서큘러스/프론트엔드 개발자 채용,경기 부천시,(주) 서큘러스,http://www.saramin.co.kr/zf_user/jobs/relay/view?isMypage=no&rec_idx=38260720
[클로버추얼패션] 웹 프론트엔드 개발자를 모십니다.,서울 강남구,(주)클로버추얼패션,http://www.saramin.co.kr/zf_user/jobs/relay/view?isMypage=no&rec_idx=38211253
[한국축산데이터] Front-end 개발자 모집 (전문연구요원 가능),서울 강남구,한국축산데이터(주),http://www.saramin.co.kr/zf_user/jobs/relay/view?isMypage=no&rec_idx=38313461
"(경력 ) 프론트엔드 리액트 채용 ( JSP, 카페24 코딩 우대 )",서울 강남구,(주)아이앤나,http://www.saramin.co.kr/zf_user/jobs/relay/view?isMypage=no&rec_idx=38353464
[글로벌 뮤직 스타트업] 프론트엔드 개발자 (경력자),서울 중구,주식회사 사운드리퍼블리카,http://www.saramin.co.kr/zf_user/jobs/relay/view?isMypage=no&rec_idx=38168638
(판교)프론트엔드 개발자(중급이상)를 모집합니다.,경기 성남시 분당구,"WATA Co., Ltd.",http://www.saramin.co.kr/zf_user/jobs/relay/view?isMypage=no&rec_idx=38233758
[개발팀] 프론트 엔드(Front-end) 개발자 채용 (경력자),서울 강남구,인타임게임즈 주식회사,http://www.saramin.co.kr/zf_user/jobs/relay/view?isMypage=no&rec_idx=38344607
"[팀오투/카모아] 웹 경력 개발자 채용 - 백엔드, 프론트엔드",서울 강남구,(주)팀오투,http://www.saramin.co.kr/zf_user/jobs/relay/view?isMypage=no&rec_idx=38179502
[프론트엔드 엔지니어] 최신 웹 기술 선호자를 모십니다.,경기 성남시 분당구,크립토파라다이스 유한책임회사,http://www.saramin.co.kr/zf_user/jobs/relay/view?isMypage=no&rec_idx=38198955
"2020년 상반기 웹프로그래밍(프론트엔드, 백엔드), 빅데이터AI",서울 동작구,(주)큐브릭디지털,http://www.saramin.co.kr/zf_user/jobs/relay/view?isMypage=no&rec_idx=38405250
"[가상자산 거래소] 개발팀 프론트엔드, 백엔드모집",서울 강남구,벤타스 주식회사,http://www.saramin.co.kr/zf_user/jobs/relay/view?isMypage=no&rec_idx=38381904
[전문연구요원] 소프트웨어 프론트엔드 개발자 모집,대전 유성구,주식회사 프라임제이이앤씨,http://www.saramin.co.kr/zf_user/jobs/relay/view?isMypage=no&rec_idx=38289124
Front End 개발자 모집,경기 용인시 수지구,젤릭스(주),http://www.saramin.co.kr/zf_user/jobs/relay/view?isMypage=no&rec_idx=38375313
[병역특례] 프론트엔드 개발자 채용,서울 송파구,(주)콘샐러드,http://www.saramin.co.kr/zf_user/jobs/relay/view?isMypage=no&rec_idx=38352088
[콘샐러드] 프론트엔드 개발자 채용,서울 송파구,(주)콘샐러드,http://www.saramin.co.kr/zf_user/jobs/relay/view?isMypage=no&rec_idx=38350147
웹(프론트엔드/백엔드) 개발자,경기 성남시 분당구,(주)싱크테크노,http://www.saramin.co.kr/zf_user/jobs/relay/view?isMypage=no&rec_idx=38433409
[경력사원] 프론트엔드&Java·JSP 계약직/프리랜서 모집 공고,서울 강남구,(주)헤드고,http://www.saramin.co.kr/zf_user/jobs/relay/view?isMypage=no&rec_idx=38293858
웹 프론트엔드/퍼블리셔 개발 경력자 모집,서울 강남구,(주)인텔리콘연구소,http://www.saramin.co.kr/zf_user/jobs/relay/view?isMypage=no&rec_idx=38228564
머신러닝 솔루션 프론트엔드 개발자 모집,서울 관악구,매니코어소프트(주),http://www.saramin.co.kr/zf_user/jobs/relay/view?isMypage=no&rec_idx=38182390
"[전문연구요원] (Angular, WebGL) 프론트엔드 (경력-2년이상)",경기 성남시 분당구,(주)큐픽스,http://www.saramin.co.kr/zf_user/jobs/relay/view?isMypage=no&rec_idx=38313142
프론트엔드 개발자 채용,서울 금천구,(주)자비스넷,http://www.saramin.co.kr/zf_user/jobs/relay/view?isMypage=no&rec_idx=38230228
모바일웹 쇼핑몰 프론트엔드 개발자 채용(연봉3000~5000),서울 송파구,(주)라오니아인터랙티브,http://www.saramin.co.kr/zf_user/jobs/relay/view?isMypage=no&rec_idx=38405752
AI 솔루션 서비스 웹프런트/백엔드 개발자 채용,서울 광진구,"(주) 바이칼에이아이(BAIKAL AI , Inc)",http://www.saramin.co.kr/zf_user/jobs/relay/view?isMypage=no&rec_idx=38166203
[경력] Front-end 엔지니어 채용,서울 서초구,포지큐브,http://www.saramin.co.kr/zf_user/jobs/relay/view?isMypage=no&rec_idx=38181243
자이냅스 Software Engineer - Front-end,서울 강남구,(주)자이냅스,http://www.saramin.co.kr/zf_user/jobs/relay/view?isMypage=no&rec_idx=38144204
"PHP, Java·JSP, 프론트엔드 SM개발자 모집(연봉3,000만원 이상)",서울 강남구,주식회사 하우투약,http://www.saramin.co.kr/zf_user/jobs/relay/view?isMypage=no&rec_idx=38269258
웹/앱 프론트엔드 개발자 모집,서울 마포구,(주)에이치랩,http://www.saramin.co.kr/zf_user/jobs/relay/view?isMypage=no&rec_idx=38369067
웹개발 & 프론트엔드 경력자 모집,서울 서초구,(주)비투윈파트너스,http://www.saramin.co.kr/zf_user/jobs/relay/view?isMypage=no&rec_idx=38266110
(정규직 / 서울 종로) 웹 프론트엔드 개발 경력직 채용,서울 강남구,(주)나우코딩,http://www.saramin.co.kr/zf_user/jobs/relay/view?isMypage=no&rec_idx=38328340
프론트엔드 개발 경력 채용 공고(정규직),서울 강남구,(주)뉴트리션코트,http://www.saramin.co.kr/zf_user/jobs/relay/view?isMypage=no&rec_idx=38402502
서울소프트  프론트/백앤드 개발자 모십니다.,서울 금천구,(주)서울소프트,http://www.saramin.co.kr/zf_user/jobs/relay/view?isMypage=no&rec_idx=38226169
프론트엔드 개발자 채용,서울 강남구,(주)그루매틱,http://www.saramin.co.kr/zf_user/jobs/relay/view?isMypage=no&rec_idx=38389245
프론트엔드 개발자 경력사원 채용합니다,경기 성남시 분당구,(주)단꿈아이,http://www.saramin.co.kr/zf_user/jobs/relay/view?isMypage=no&rec_idx=38396364
프론트엔드 개발자 정규직 채용(경력),경기 시흥시,(주)잉클,http://www.saramin.co.kr/zf_user/jobs/relay/view?isMypage=no&rec_idx=38423255
"코스닥, Web Front-end  개발",서울 강남구,윤시스템,http://www.saramin.co.kr/zf_user/jobs/relay/view?isMypage=no&rec_idx=38309066
[정규직] 메디컬플랫폼 유아이애드 프론트앤드 개발자 채용,서울 중구,유아이애드,http://www.saramin.co.kr/zf_user/jobs/relay/view?isMypage=no&rec_idx=38376437
"백엔드, 프런트엔드 개발 정규직 채용 공고",서울 강남구,(주)아스트론시큐리티,http://www.saramin.co.kr/zf_user/jobs/relay/view?isMypage=no&rec_idx=38362019
프론트엔드 개발자 경력직 모집,서울 서대문구,(주)데이터블,http://www.saramin.co.kr/zf_user/jobs/relay/view?isMypage=no&rec_idx=38434902
[메가존클라우드]웹 개발(프론트엔드 및 퍼블리셔) 채용,서울 강남구,메가존(주),http://www.saramin.co.kr/zf_user/jobs/relay/view?isMypage=no&rec_idx=38171621
웹개발(Java·JSP&HTML&프론트엔드 외 2개 부문) 모집,경기 성남시 중원구,(주)샘물정보통신,http://www.saramin.co.kr/zf_user/jobs/relay/view?isMypage=no&rec_idx=38377346
웹개발(Java·JSP&HTML&프론트엔드 외 2개 부문) 모집 공고,경기 성남시 중원구,(주)샘물정보통신,http://www.saramin.co.kr/zf_user/jobs/relay/view?isMypage=no&rec_idx=38373164
"서버 개발자 모집(Front-end, Back-end, Linux 시스템 개발자)",서울 서초구,쿠도커뮤니케이션(주),http://www.saramin.co.kr/zf_user/jobs/relay/view?isMypage=no&rec_idx=38394871
[경력] PM 정규직 채용 공고 (프론트/백엔드 시스템 개발 리딩),서울 금천구,㈜환경과학기술,http://www.saramin.co.kr/zf_user/jobs/relay/view?isMypage=no&rec_idx=38383672
[웹 개발자 - 프론트엔드 ] ( NodeJS / ElectronJS  경험자 우대,광주 광산구,(주)리눅스아이티,http://www.saramin.co.kr/zf_user/jobs/relay/view?isMypage=no&rec_idx=38238892
프런트엔드/백엔드 개발 경력사원 모집(4년 이상),서울 구로구,(주)레드소프트,http://www.saramin.co.kr/zf_user/jobs/relay/view?isMypage=no&rec_idx=38390589
"프론트엔드, 백엔드, Java·JSP 정규직 채용(경력사원)",서울 금천구,(주)엠에스시스템즈,http://www.saramin.co.kr/zf_user/jobs/relay/view?isMypage=no&rec_idx=38411752
웹개발[프론트엔드/백엔드] 모집 공고(nodejs 개발 경험자 우대),광주 광산구,(주)리눅스아이티,http://www.saramin.co.kr/zf_user/jobs/relay/view?isMypage=no&rec_idx=38282741
Java jsp 프론트엔드 / 백엔드 정규직 [경력자] 채용합니다,서울 마포구,하트미디어(주),http://www.saramin.co.kr/zf_user/jobs/relay/view?isMypage=no&rec_idx=38396173
"프론트엔드, 백엔드 개발자 정규직 채용",경기 수원시 영통구,(주)휴민텍,http://www.saramin.co.kr/zf_user/jobs/relay/view?isMypage=no&rec_idx=38263755
식신에서 경력 WEB 및 프론트앤드 개발자를  모십니다.,서울 강남구,식신 주식회사,http://www.saramin.co.kr/zf_user/jobs/relay/view?isMypage=no&rec_idx=38228832
경력직 프론트엔드 개발자 모십니다.,서울 금천구,주식회사 크레넷,http://www.saramin.co.kr/zf_user/jobs/relay/view?isMypage=no&rec_idx=38396637
웹 프론트엔드 개발자 모집,서울 강남구,(주)퍼플웍스,http://www.saramin.co.kr/zf_user/jobs/relay/view?isMypage=no&rec_idx=38318925
"프론트엔드, 서버관리, 백엔드 정규직 모집",경기 성남시 수정구,브릴리언츠㈜,http://www.saramin.co.kr/zf_user/jobs/relay/view?isMypage=no&rec_idx=38351116
웹개발(PHP/HTML/백엔드/프론트엔드) 채용,경기 성남시 수정구,(주)두잇파이브,http://www.saramin.co.kr/zf_user/jobs/relay/view?isMypage=no&rec_idx=38197022
"[경력] Java, Java·JSP, 프론트엔드 외 정규직 채용",서울 광진구,(주)디와이더,http://www.saramin.co.kr/zf_user/jobs/relay/view?isMypage=no&rec_idx=38310816
업계1위) 굿닥 웹프론트엔드 개발자 채용,서울 강남구,(주)케어랩스,http://www.saramin.co.kr/zf_user/jobs/relay/view?isMypage=no&rec_idx=38318511
"2020년 상반기 백엔드, Java·JSP, 프론트엔드 경력사원 모집",서울 강서구,(주)틴텍씨앤씨,http://www.saramin.co.kr/zf_user/jobs/relay/view?isMypage=no&rec_idx=38178203
AI Laboratory  프론트엔드 정규직 채용,경기 성남시 수정구,(주)모아데이타,http://www.saramin.co.kr/zf_user/jobs/relay/view?isMypage=no&rec_idx=38179791
"[Node.js/Javascript] Back-end, Front-end, Scrapping 경력채용",서울 마포구,주피타카(주),http://www.saramin.co.kr/zf_user/jobs/relay/view?isMypage=no&rec_idx=38311548
웹개발(PHP/Python/프론트엔드外 1개 부문) 채용,서울 성북구,(주)버추얼랩,http://www.saramin.co.kr/zf_user/jobs/relay/view?isMypage=no&rec_idx=38163634
웹프로그래머(백앤드/프론트)개발자 채용  [경력],광주 북구,(주)엠알티,http://www.saramin.co.kr/zf_user/jobs/relay/view?isMypage=no&rec_idx=38294878
회계&세무 웹개발(백엔드/프론트엔드) 개발팀장 모집 공고,서울 종로구,크리에이티브 파트너스,http://www.saramin.co.kr/zf_user/jobs/relay/view?isMypage=no&rec_idx=38367670
Back-End/Front-End Developer(백엔드/프론트엔드 개발자 모집),서울 마포구,(주)뉴인,http://www.saramin.co.kr/zf_user/jobs/relay/view?isMypage=no&rec_idx=38138937
웹개발(프론트엔드&백엔드) 모집합니다,서울 성북구,(주)아이오티포헬스,http://www.saramin.co.kr/zf_user/jobs/relay/view?isMypage=no&rec_idx=38398135
"웹개발 유지보수 (PHP, Java·JSP, 프론트엔드) 채용 공고",서울 양천구,어디스플레이,http://www.saramin.co.kr/zf_user/jobs/relay/view?isMypage=no&rec_idx=38325006
[부설연구소] 프론트엔드 경력직 모집 공고,서울 마포구,(주)팀그릿,http://www.saramin.co.kr/zf_user/jobs/relay/view?isMypage=no&rec_idx=38421150
[개발팀] Android/Kotlin Front-end 서비스 개발 Sr. 정규직,경기 광주시,(주)바글바글,http://www.saramin.co.kr/zf_user/jobs/relay/view?isMypage=no&rec_idx=38430576
2020년 하반기 프론트엔드 각 분야별 모집 공고,서울 서초구,(주)엘앰캐드,http://www.saramin.co.kr/zf_user/jobs/relay/view?isMypage=no&rec_idx=38404688
2020년 하반기 프론트엔드 각 분야별 모집 공고,서울 서초구,(주)엘앰캐드,http://www.saramin.co.kr/zf_user/jobs/relay/view?isMypage=no&rec_idx=38357064
프론트엔드&AWS&Java·JSP 외 정규직/계약직 채용 - 인재선발,경기 고양시 일산서구,(주)메디스쿨,http://www.saramin.co.kr/zf_user/jobs/relay/view?isMypage=no&rec_idx=38377766
개발 프론트엔드 react-native 外 1개 부문 담당자 채용,서울 종로구,금방(주),http://www.saramin.co.kr/zf_user/jobs/relay/view?isMypage=no&rec_idx=38383564
웹개발(front-end/java script/HTML5) 모집 공고,인천 서구,스마티소프트(주),http://www.saramin.co.kr/zf_user/jobs/relay/view?isMypage=no&rec_idx=38395693
"웹표준·웹접근성, 프론트엔드 정규직 모집(경력)",서울 구로구,(주)웹웨어,http://www.saramin.co.kr/zf_user/jobs/relay/view?isMypage=no&rec_idx=38139410
프론트엔드개발 경력자 채용,경기 부천시,(주)정크레비즈,http://www.saramin.co.kr/zf_user/jobs/relay/view?isMypage=no&rec_idx=38325593
웹퍼블리싱·프론트엔드개발자·UI개발 정규직 채용,서울 영등포구,내가그린기린그림,http://www.saramin.co.kr/zf_user/jobs/relay/view?isMypage=no&rec_idx=38241366
"HTML, 프론트엔드, Java·JSP, UI, UX 채용 - 경력",서울 마포구,(주)캐시멜로,http://www.saramin.co.kr/zf_user/jobs/relay/view?isMypage=no&rec_idx=38256569
프론트엔드/HTML/Python/PHP外 정규직 채용(경력),대구 북구,파이어씨드,http://www.saramin.co.kr/zf_user/jobs/relay/view?isMypage=no&rec_idx=38386524
"Full-Stack Developer 프론트엔드, 백엔드 채용",서울 강남구,(주)포스처360,http://www.saramin.co.kr/zf_user/jobs/relay/view?isMypage=no&rec_idx=38352766
[㈜제이엘케이] 2020년 하반기 각 부문 신입/경력 정규직 채용,서울 강남구,(주)제이엘케이,http://www.saramin.co.kr/zf_user/jobs/relay/view?isMypage=no&rec_idx=38422380
대륜발전/별내에너지 신입 및 경력 직원 채용,경기 양주시,(주)대륜발전,http://www.saramin.co.kr/zf_user/jobs/relay/view?isMypage=no&rec_idx=38385146
금융IT 경력사원 모집,인천전체,㈜하나금융티아이,http://www.saramin.co.kr/zf_user/jobs/relay/view?isMypage=no&rec_idx=38391468
㈜부전전자 각 부문 신입 및 경력사원 모집공고,경기 안산시,부전전자(주),http://www.saramin.co.kr/zf_user/jobs/relay/view?isMypage=no&rec_idx=38290925
한국피자헛 각 부문 채용,서울 영등포구,한국피자헛(유),http://www.saramin.co.kr/zf_user/jobs/relay/view?isMypage=no&rec_idx=38421722
하반기 각 부문 신입 및 경력 모집,서울 강남구,(주)시몬스,http://www.saramin.co.kr/zf_user/jobs/relay/view?isMypage=no&rec_idx=38415249
[㈜하미글로벌] 하반기 각 부문 신입 / 경력 정규직 채용,서울 금천구,(주)하미글로벌,http://www.saramin.co.kr/zf_user/jobs/relay/view?isMypage=no&rec_idx=38347521
㈜바디프랜드 IT부문 개발자 특별채용,서울 강남구,㈜바디프랜드,http://www.saramin.co.kr/zf_user/jobs/relay/view?isMypage=no&rec_idx=38415450
IT부문 신입 및 경력사원 모집,서울 강남구,㈜푸드테크,http://www.saramin.co.kr/zf_user/jobs/relay/view?isMypage=no&rec_idx=38383610
[GOPIZZA] 매일이 기대되는 회사 고.피.자 채용,서울 마포구,(주)고피자,http://www.saramin.co.kr/zf_user/jobs/relay/view?isMypage=no&rec_idx=38161308
현대오토에버 경력사원 대규모 상시 채용,서울 강남구,현대오토에버(주),http://www.saramin.co.kr/zf_user/jobs/relay/view?isMypage=no&rec_idx=38395639
현대오토에버 R&D부문 석박사 인재채용,서울 강남구,현대오토에버(주),http://www.saramin.co.kr/zf_user/jobs/relay/view?isMypage=no&rec_idx=38368313
2020년 하반기 신입 및 경력 수시채용,서울 서초구,(주)아이센스,http://www.saramin.co.kr/zf_user/jobs/relay/view?isMypage=no&rec_idx=38415337
2020년 하나금융IT 신입사원 채용,인천전체,㈜하나금융티아이,http://www.saramin.co.kr/zf_user/jobs/relay/view?isMypage=no&rec_idx=38403737
[웹젠ㅣ웹젠에이픽게임즈] 수시채용,경기 성남시 분당구,㈜웹젠,http://www.saramin.co.kr/zf_user/jobs/relay/view?isMypage=no&rec_idx=38431134
PHP 웹 개발자 모집,서울 금천구,(주)코리아센터,http://www.saramin.co.kr/zf_user/jobs/relay/view?isMypage=no&rec_idx=38386670
메이크샵 서비스 기획자 모집,서울 금천구,(주)코리아센터,http://www.saramin.co.kr/zf_user/jobs/relay/view?isMypage=no&rec_idx=38419113
각 부문별 신입/경력사원 모집,서울 마포구,㈜티제이팜,http://www.saramin.co.kr/zf_user/jobs/relay/view?isMypage=no&rec_idx=38332139
2020년 7월 각 부문별 신입 및 경력 사원 채용,서울 구로구,㈜비상교육,http://www.saramin.co.kr/zf_user/jobs/relay/view?isMypage=no&rec_idx=38385659
[외국계반도체] Field Service Engineer 채용,경기 이천시,나노메트릭스코리아㈜,http://www.saramin.co.kr/zf_user/jobs/relay/view?isMypage=no&rec_idx=38310371
부문별 경력직 수시 채용,서울 종로구,(주)케이뱅크은행,http://www.saramin.co.kr/zf_user/jobs/relay/view?isMypage=no&rec_idx=38369512
2020년도 DATA개발직 / AI서비스개발직 모집,경기 성남시 분당구,㈜와이즈넛,http://www.saramin.co.kr/zf_user/jobs/relay/view?isMypage=no&rec_idx=38348566
[카페24] 웹 서비스 기획자 모집,서울 동작구,카페24㈜,http://www.saramin.co.kr/zf_user/jobs/relay/view?isMypage=no&rec_idx=38182140
[개발팀] 웹프로그래머 모집,서울 동작구,카페24㈜,http://www.saramin.co.kr/zf_user/jobs/relay/view?isMypage=no&rec_idx=38346174
2020년 각 부문 신입/경력 채용,서울 강남구,더이앤엠(주),http://www.saramin.co.kr/zf_user/jobs/relay/view?isMypage=no&rec_idx=38413531
2020 하반기 각 부문 신입/경력 모집,서울 강남구,㈜디오티스,http://www.saramin.co.kr/zf_user/jobs/relay/view?isMypage=no&rec_idx=38427284
2020년 하반기 각 분야 채용,서울 금천구,(주)나비엠알오,http://www.saramin.co.kr/zf_user/jobs/relay/view?isMypage=no&rec_idx=38391487
㈜아이스크림에듀 개발/기획 직군 채용,서울 강남구,(주)아이스크림에듀,http://www.saramin.co.kr/zf_user/jobs/relay/view?isMypage=no&rec_idx=38401360
LogisALL 신입/경력사원[정규직] 채용,전국,로지스올그룹,http://www.saramin.co.kr/zf_user/jobs/relay/view?isMypage=no&rec_idx=38370515
2020년 경력사원 모집,서울 구로구,(주)쁘띠엘린,http://www.saramin.co.kr/zf_user/jobs/relay/view?isMypage=no&rec_idx=38419500
(주)스트라티오코리아 2020 하반기 신입/경력 채용,서울 서초구,(주)스트라티오코리아,http://www.saramin.co.kr/zf_user/jobs/relay/view?isMypage=no&rec_idx=38424698
"핀테크 스타트업 빅밸류 공개채용(데이터연구,사업부,홍보)",서울 중구,(주)빅밸류,http://www.saramin.co.kr/zf_user/jobs/relay/view?isMypage=no&rec_idx=38385533
2020년 해커스 교육그룹 [신입/경력] 각 부문별 채용공고,서울 서초구,㈜해커스교육그룹,http://www.saramin.co.kr/zf_user/jobs/relay/view?isMypage=no&rec_idx=38369849
한국산업기술대학교 정규직원 공개채용,경기 시흥시,한국산업기술대학교,http://www.saramin.co.kr/zf_user/jobs/relay/view?isMypage=no&rec_idx=38410369
㈜휴맥스&㈜휴맥스아이티 각 부문 채용,경기 성남시 분당구,㈜휴맥스,http://www.saramin.co.kr/zf_user/jobs/relay/view?isMypage=no&rec_idx=38404294
각 부문별 정규직 채용,서울 서초구,(주)인터파크큐브릿지,http://www.saramin.co.kr/zf_user/jobs/relay/view?isMypage=no&rec_idx=38430597
2020 하반기 클라우드 전문기업 이노그리드 신입·경력 채용,서울 서초구,㈜이노그리드,http://www.saramin.co.kr/zf_user/jobs/relay/view?isMypage=no&rec_idx=38415519
부문별 경력직 공개 채용,경남 창원시,포메이션랩스(주),http://www.saramin.co.kr/zf_user/jobs/relay/view?isMypage=no&rec_idx=38399695
React Native 앱/웹개발자 구인 - 업계 최고 대우,서울 서대문구,주식회사브이룩,http://www.saramin.co.kr/zf_user/jobs/relay/view?isMypage=no&rec_idx=38423830
2020년 LINE 경력 개발자 공개채용,경기 성남시 분당구,라인플러스(주),http://www.saramin.co.kr/zf_user/jobs/relay/view?isMypage=no&rec_idx=38404250
[스마트하우스] 2020년 부문별 경력사원 채용,서울 강남구,알에셋마스터리스(주),http://www.saramin.co.kr/zf_user/jobs/relay/view?isMypage=no&rec_idx=38422744
2020년 개발직군 대규모 채용外,서울 종로구,(주)글로벌머니익스프레스,http://www.saramin.co.kr/zf_user/jobs/relay/view?isMypage=no&rec_idx=38409327
㈜이루다마케팅 디자인/SNS/영상/서비스기획 부문 공개채용,서울 성동구,(주)이루다마케팅,http://www.saramin.co.kr/zf_user/jobs/relay/view?isMypage=no&rec_idx=38350698
㈜OSB저축은행 각 부문 신입/경력 채용 (정규직),서울 서초구,㈜OSB저축은행,http://www.saramin.co.kr/zf_user/jobs/relay/view?isMypage=no&rec_idx=38430993
스탭스 그룹 신사업 직무 담당자 모집,서울 중구,스탭스㈜,http://www.saramin.co.kr/zf_user/jobs/relay/view?isMypage=no&rec_idx=38379837
한국디지털거래소 IT부문 채용공고,서울 강남구,(주)한국디지털거래소,http://www.saramin.co.kr/zf_user/jobs/relay/view?isMypage=no&rec_idx=38267856
플랫폼그룹 부문별 경력직 채용,서울 강남구,(주)레뷰코퍼레이션,http://www.saramin.co.kr/zf_user/jobs/relay/view?isMypage=no&rec_idx=38351554
2020년 세리박스 하반기 대규모 인재채용,서울 강남구,(주)퍼플랩스헬스케어,http://www.saramin.co.kr/zf_user/jobs/relay/view?isMypage=no&rec_idx=38358946
㈜그로브소프트 2020 하반기 경력직 수시채용,서울 서초구,(주)그로브소프트,http://www.saramin.co.kr/zf_user/jobs/relay/view?isMypage=no&rec_idx=38349622
[파킹클라우드] 연구소 각 팀별 채용,서울 영등포구,파킹클라우드(주),http://www.saramin.co.kr/zf_user/jobs/relay/view?isMypage=no&rec_idx=38413324
2020년 IT빅데이터 솔루션 기업 전사 채용,경기 성남시 분당구,데이터스트림즈 ㈜,http://www.saramin.co.kr/zf_user/jobs/relay/view?isMypage=no&rec_idx=38425388
[부동산앱 다방] 개발실 채용공고,서울 서초구,(주)스테이션3 (부동산 앱 다방),http://www.saramin.co.kr/zf_user/jobs/relay/view?isMypage=no&rec_idx=38414365
[SUPERTREE] 2020년 신입 및 경력 공개채용,서울 서초구,(주)수퍼트리,http://www.saramin.co.kr/zf_user/jobs/relay/view?isMypage=no&rec_idx=38342337
2020년 하반기 각 부문별 직원채용,서울 강남구,(주)크리에이티브힐,http://www.saramin.co.kr/zf_user/jobs/relay/view?isMypage=no&rec_idx=38364628
2020년 하반기 기술연구소 개발직군 공개채용,경기 성남시,시큐레터(주),http://www.saramin.co.kr/zf_user/jobs/relay/view?isMypage=no&rec_idx=38384370
이투스교육 7월 개발자 신입/경력  채용,서울 서초구,이투스교육,http://www.saramin.co.kr/zf_user/jobs/relay/view?isMypage=no&rec_idx=38383285
4차산업혁명 선도인력양성 교육생 모집 (IoT/빅데이터),서울 서초구,㈜비트컴퓨터,http://www.saramin.co.kr/zf_user/jobs/relay/view?isMypage=no&rec_idx=38417970
펍지㈜ 각 부문별 수시 채용,서울 서초구,펍지(주),http://www.saramin.co.kr/zf_user/jobs/relay/view?isMypage=no&rec_idx=38369015
이노뎁(주) 기술연구그룹 부문별 채용,서울 구로구,이노뎁(주),http://www.saramin.co.kr/zf_user/jobs/relay/view?isMypage=no&rec_idx=38328078
[추가모집] 20년 네비웍스 IT 인재육성 인턴십 3기,경기 안양시 동안구,(주)네비웍스,http://www.saramin.co.kr/zf_user/jobs/relay/view?isMypage=no&rec_idx=38426009
카카오 기술 직군 모집,경기 성남시 분당구,(주)카카오,http://www.saramin.co.kr/zf_user/jobs/relay/view?isMypage=no&rec_idx=38248857
현대오트론 상시 채용,서울 강남구,현대오트론(주),http://www.saramin.co.kr/zf_user/jobs/relay/view?isMypage=no&rec_idx=38312685
2020년 다음소프트 신입 모집합니다.,서울 용산구,㈜다음소프트,http://www.saramin.co.kr/zf_user/jobs/relay/view?isMypage=no&rec_idx=38407912
기술연구소 H/W S/W 개발 인력모집,경기 성남시 분당구,(주)스프링웨이브,http://www.saramin.co.kr/zf_user/jobs/relay/view?isMypage=no&rec_idx=38428523
[Web 개발] 부문 신입/경력 채용,경기 성남시 분당구,(주)파인디지털,http://www.saramin.co.kr/zf_user/jobs/relay/view?isMypage=no&rec_idx=38394870
[삼화페인트공업㈜ 계열사] 웹개발/POS운영/컨설팅 신입·경력 채용,경기 안양시 동안구,㈜에스엠투네트웍스,http://www.saramin.co.kr/zf_user/jobs/relay/view?isMypage=no&rec_idx=38411284
[서울/부산근무가능] 플랫폼서비스 담당할 웹개발자를 찾습니다,서울 강남구,(주)핀크럭스,http://www.saramin.co.kr/zf_user/jobs/relay/view?isMypage=no&rec_idx=38378754
[국비무료/수당지급] 빅데이터/UI/UX 퍼블리싱/응용 S/W 개발자,서울 구로구,한국직업전문학교,http://www.saramin.co.kr/zf_user/jobs/relay/view?isMypage=no&rec_idx=38393122
Java 웹 개발자/어플리케이션 개발자 채용,서울 구로구,(주)맑은기술,http://www.saramin.co.kr/zf_user/jobs/relay/view?isMypage=no&rec_idx=38399232
뉴스서비스실 디지털(기획/개발/디자인) 직군 경력사원 상시채용,서울 중구,㈜중앙일보,http://www.saramin.co.kr/zf_user/jobs/relay/view?isMypage=no&rec_idx=38332768
(주)코리아트리즈 각 부문 직원모집,부산전체,(주)코리아트리즈,http://www.saramin.co.kr/zf_user/jobs/relay/view?isMypage=no&rec_idx=38385567
㈜캐스팅엔 각 부문 신입·경력 채용,서울 마포구,(주)캐스팅엔,http://www.saramin.co.kr/zf_user/jobs/relay/view?isMypage=no&rec_idx=38345355
기술연구소 웹개발 신입/경력 정규직 채용,서울 구로구,(주)엑심베이,http://www.saramin.co.kr/zf_user/jobs/relay/view?isMypage=no&rec_idx=38404582
VAN 부문 웹개발 신입/경력직 채용,서울 구로구,(주)엑심베이,http://www.saramin.co.kr/zf_user/jobs/relay/view?isMypage=no&rec_idx=38404628
Jr. iOS 개발자 (전문연구요원 가능) 정규직 채용,서울 송파구,(주)버즈빌,http://www.saramin.co.kr/zf_user/jobs/relay/view?isMypage=no&rec_idx=38266797
각 부문 경력사원 채용,경기 성남시,에스케이플래닛(주),http://www.saramin.co.kr/zf_user/jobs/relay/view?isMypage=no&rec_idx=38083118
[파우더룸] 서비스 운영 / 서비스 개발 / 재무회계 담당자 모집,서울 강남구,(주)파우컴퍼니,http://www.saramin.co.kr/zf_user/jobs/relay/view?isMypage=no&rec_idx=38369376
경영지원팀 관리 및 회계직원 채용,부산 해운대구,(주)코드팜,http://www.saramin.co.kr/zf_user/jobs/relay/view?isMypage=no&rec_idx=38375691
기술연구소 JAVA개발 신입/경력 채용,서울 구로구,(주)엑심베이,http://www.saramin.co.kr/zf_user/jobs/relay/view?isMypage=no&rec_idx=38403785
JAVA/JSP WEB개발자 / 웹디자인 신입 및 경력 모집,서울 서초구,우원소프트(주),http://www.saramin.co.kr/zf_user/jobs/relay/view?isMypage=no&rec_idx=38412528
2020년 하반기 한미헬스케어㈜ 웹 개발 경력직 인재 채용,서울 송파구,한미헬스케어(주),http://www.saramin.co.kr/zf_user/jobs/relay/view?isMypage=no&rec_idx=38415055
펌 웨어 / 서버 개발직 신입.경력 채용,경기 성남시,(주)올리브앤도브,http://www.saramin.co.kr/zf_user/jobs/relay/view?isMypage=no&rec_idx=38321855
인공지능(AI)/Java개발자&IT 솔루션 영업,서울 금천구,(주)애니로직,http://www.saramin.co.kr/zf_user/jobs/relay/view?isMypage=no&rec_idx=38405455
[㈜엘에스이노베이션] 하반기 각 부문 신입 / 경력 채용,서울 강서구,(주)엘에스이노베이션,http://www.saramin.co.kr/zf_user/jobs/relay/view?isMypage=no&rec_idx=38350590
서커스컴퍼니 7월 채용 각 부문 크루 모집,서울 강남구,(주)서커스컴퍼니,http://www.saramin.co.kr/zf_user/jobs/relay/view?isMypage=no&rec_idx=38386264
[국비무료]취업연계 채용예정자 양성 과정 교육생 모집,충북 청주시,충북대학교,http://www.saramin.co.kr/zf_user/jobs/relay/view?isMypage=no&rec_idx=38285951
서버 엔지니어/Technical Sales/클라우드 엔지니어 채용,서울 강남구,(주)바로에이아이,http://www.saramin.co.kr/zf_user/jobs/relay/view?isMypage=no&rec_idx=38351009
웰컴페이먼츠 각 부문 채용 (신입/경력),서울 구로구,웰컴페이먼츠㈜,http://www.saramin.co.kr/zf_user/jobs/relay/view?isMypage=no&rec_idx=38422433
"모바일 개발(C#, Xamarin)/ 일반 사무보조/ 블로그 마케터 채용",서울 금천구,알토란이알피(주),http://www.saramin.co.kr/zf_user/jobs/relay/view?isMypage=no&rec_idx=38306096
HTML퍼블리셔&웹디자인 신입(경력무관) 채용 공고,서울 금천구,주식회사 오지티,http://www.saramin.co.kr/zf_user/jobs/relay/view?isMypage=no&rec_idx=38387002
SNS 커머스 React Native 앱/웹개발자 구인 업계 최고 대우,서울 서대문구,주식회사브이룩,http://www.saramin.co.kr/zf_user/jobs/relay/view?isMypage=no&rec_idx=38423825
(경력/신입) IT개발자 채용 - 서울 or 부산 근무지역 선택 가능,부산 해운대구,말랑하니(주),http://www.saramin.co.kr/zf_user/jobs/relay/view?isMypage=no&rec_idx=38358117
[java/jsp/spring]  웹프로그래머 신입 개발자  채용,서울 금천구,자이언트솔루션,http://www.saramin.co.kr/zf_user/jobs/relay/view?isMypage=no&rec_idx=38417569
"[업계최고대우]서비스기획, 웹개발,서버개발, IOS/AOS, CS채용",서울 강남구,(주)인포렉스,http://www.saramin.co.kr/zf_user/jobs/relay/view?isMypage=no&rec_idx=38183563
[스타트업] 담대하게 함께할 개발자를 모십니다 - 웹 / 앱 FE,서울 마포구,(주)볼드코퍼레이션,http://www.saramin.co.kr/zf_user/jobs/relay/view?isMypage=no&rec_idx=38140344
스마트공장 솔루션 개발 및 데이터 분석가 모집 (정규직&계약직),부산 동래구,(주)동연에스엔티,http://www.saramin.co.kr/zf_user/jobs/relay/view?isMypage=no&rec_idx=38312448
2020년 상반기 신입 Web Developers 채용,서울 성동구,(주)이씨오,http://www.saramin.co.kr/zf_user/jobs/relay/view?isMypage=no&rec_idx=38348428
"AWS 영업, 컨설팅, 기술지원 및 영업마케팅지원 경력직",서울 구로구,솔트웨어(주),http://www.saramin.co.kr/zf_user/jobs/relay/view?isMypage=no&rec_idx=38426925
심리검사 진로취업 웹솔루션 개발자 채용,서울 마포구,(주)휴노,http://www.saramin.co.kr/zf_user/jobs/relay/view?isMypage=no&rec_idx=38426063
웹 퍼블리셔 채용 (정규직),서울 용산구,아람멀티미디어,http://www.saramin.co.kr/zf_user/jobs/relay/view?isMypage=no&rec_idx=38412774
웹/앱 개발자 정규직 모집,서울 구로구,팜피(주),http://www.saramin.co.kr/zf_user/jobs/relay/view?isMypage=no&rec_idx=38303452
넥스트코어와 함께 성장할 웹 개발자를 모십니다,서울 송파구,(주)넥스트코어테크놀로지,http://www.saramin.co.kr/zf_user/jobs/relay/view?isMypage=no&rec_idx=38422658
Java·JSP/자바스크립트外 정규직 채용(울주스마트팜,울산 울주군,유니에프에이,http://www.saramin.co.kr/zf_user/jobs/relay/view?isMypage=no&rec_idx=38427905
"2020년 삼성반도체 ASIC Design Service 협력사 신입,경력 모집",경기 화성시,(주)탑에이직,http://www.saramin.co.kr/zf_user/jobs/relay/view?isMypage=no&rec_idx=38421329
웹 개발 프로그래머 채용공고,부산 남구,호텔비즈,http://www.saramin.co.kr/zf_user/jobs/relay/view?isMypage=no&rec_idx=38427431
[세종] 공공 SI프로젝트 개발자 모집,세종특별자치시,㈜지어소프트,http://www.saramin.co.kr/zf_user/jobs/relay/view?isMypage=no&rec_idx=38320832
[메가존] 개발 경력자 대규모 채용,서울 강남구,메가존(주),http://www.saramin.co.kr/zf_user/jobs/relay/view?isMypage=no&rec_idx=37872627
각 부문별 신입/경력사원 채용,서울 강남구,(주)이모션글로벌,http://www.saramin.co.kr/zf_user/jobs/relay/view?isMypage=no&rec_idx=38404718
빗썸 IT 인턴 채용,서울 강남구,(주)빗썸코리아,http://www.saramin.co.kr/zf_user/jobs/relay/view?isMypage=no&rec_idx=38300371
웹  서비스 개발자 경력직원 모집,서울 마포구,(주)에스제이테크놀로지,http://www.saramin.co.kr/zf_user/jobs/relay/view?isMypage=no&rec_idx=38313396
[세탁특공대] 2020년 각 부문별 채용,서울 강남구,(주)워시스왓,http://www.saramin.co.kr/zf_user/jobs/relay/view?isMypage=no&rec_idx=38275972
카카오커머스 기술직군 모집,경기 성남시 분당구,(주)카카오커머스,http://www.saramin.co.kr/zf_user/jobs/relay/view?isMypage=no&rec_idx=38259048
"[Tech Startup 두잉랩] iOS, Android, Web, 딥러닝 개발자 채용",서울 서초구,(주)두잉랩,http://www.saramin.co.kr/zf_user/jobs/relay/view?isMypage=no&rec_idx=38241474
웹/ 앱/ 시스템/ ERP/ 인프라/ 네트웍/ 서버/보안 부문 경력채용,서울 강남구,현대오토에버(주),http://www.saramin.co.kr/zf_user/jobs/relay/view?isMypage=no&rec_idx=38394808
[NHN] 기술 부문 수시채용 (신입/경력),경기 성남시 분당구,엔에이치엔(주),http://www.saramin.co.kr/zf_user/jobs/relay/view?isMypage=no&rec_idx=38285282
"[비스텔] 소프트웨어 개발자 (정규직, 프리랜서) 모집 공고",서울 서초구,(주)비스텔,http://www.saramin.co.kr/zf_user/jobs/relay/view?isMypage=no&rec_idx=38428963
플랫폼 서비스 웹개발 경력 개발자 채용,경기 성남시 분당구,㈜다날,http://www.saramin.co.kr/zf_user/jobs/relay/view?isMypage=no&rec_idx=38424292
IoT사업부 S/W 개발자 경력 채용,경기 성남시 분당구,유니셈㈜,http://www.saramin.co.kr/zf_user/jobs/relay/view?isMypage=no&rec_idx=38428538
"프로젝트 매니저/서비스 기획 총괄자,  서비스기획자 채용",서울 강남구,(주)그린카,http://www.saramin.co.kr/zf_user/jobs/relay/view?isMypage=no&rec_idx=38256484
[테크핀][부동산][금융][블록체인] 2020 부문별 경력/신입모집,서울 성동구,펀드블록글로벌(주),http://www.saramin.co.kr/zf_user/jobs/relay/view?isMypage=no&rec_idx=38360611
"하나금융융합기술원 AI·Bigdata 석,박사 연구원(경력직) 채용",서울 강남구,㈜하나금융티아이,http://www.saramin.co.kr/zf_user/jobs/relay/view?isMypage=no&rec_idx=38394570
"모빌리티/ 커넥티비티/ 스마트팩토리,빌딩/ 플랫폼부문 경력채용",서울 강남구,현대오토에버(주),http://www.saramin.co.kr/zf_user/jobs/relay/view?isMypage=no&rec_idx=38395351
AI/ 음성인식/ 차량보안/ 빅데이터/ IoT 등 R&D 부문 경력채용,서울 강남구,현대오토에버(주),http://www.saramin.co.kr/zf_user/jobs/relay/view?isMypage=no&rec_idx=38395611
"[효성ITX] 사내시스템(웹, 모바일) 운영 및 개발 담당 모집",서울 영등포구,효성ITX(주),http://www.saramin.co.kr/zf_user/jobs/relay/view?isMypage=no&rec_idx=38137506
VAN 서비스개발 신입/경력 채용(정규직),서울 강남구,㈜케이에스넷,http://www.saramin.co.kr/zf_user/jobs/relay/view?isMypage=no&rec_idx=38410704
자바와 파이썬을 이용한 데이터분석 전문가 양성과정,서울 서초구,KTDS,http://www.saramin.co.kr/zf_user/jobs/relay/view?isMypage=no&rec_idx=38348015
2020년 ㈜휴넷 웹 개발자 경력직 모집,서울 구로구,㈜휴넷,http://www.saramin.co.kr/zf_user/jobs/relay/view?isMypage=no&rec_idx=38422247
㈜씨에이에스 소프트웨어 엔지니어 신입/경력 모집,서울 금천구,㈜씨에이에스,http://www.saramin.co.kr/zf_user/jobs/relay/view?isMypage=no&rec_idx=38236873
[파킹클라우드] 기획팀 파트별 경력직 채용(플랫폼/비즈니스),서울 영등포구,파킹클라우드(주),http://www.saramin.co.kr/zf_user/jobs/relay/view?isMypage=no&rec_idx=38417732
"[호텔신라] 헬스케어 App 개발자 채용 (Android, iOS)",서울 강남구,(주)호텔신라,http://www.saramin.co.kr/zf_user/jobs/relay/view?isMypage=no&rec_idx=38163665
[아톤 모빌리티 자회사] 관리팀장 / 재무회계 경력 채용,서울 마포구,(주)아톤,http://www.saramin.co.kr/zf_user/jobs/relay/view?isMypage=no&rec_idx=38435410
[경력] 팟티서비스 웹개발(서버&프론트),경기 성남시 분당구,㈜아프리카티비,http://www.saramin.co.kr/zf_user/jobs/relay/view?isMypage=no&rec_idx=38287129
인테리어 플랫폼 '컨텐츠 제작/기획 및 마케팅 및 개발 담당자',서울 용산구,(주)서울문화사,http://www.saramin.co.kr/zf_user/jobs/relay/view?isMypage=no&rec_idx=38378653
"2020-3차) java, jsp, Miaps, Nexacro 웹개발자 채용",서울 금천구,(주)진코퍼레이션,http://www.saramin.co.kr/zf_user/jobs/relay/view?isMypage=no&rec_idx=38253919
2020년 피앤피시큐어 수시채용 (연구개발 / 연구소),경기 성남시 분당구,㈜피앤피시큐어,http://www.saramin.co.kr/zf_user/jobs/relay/view?isMypage=no&rec_idx=38353911
[강남본사] IT개발 및 운영 경력직 채용,서울 강남구,성원아이북랜드,http://www.saramin.co.kr/zf_user/jobs/relay/view?isMypage=no&rec_idx=38419487
웹 프론트 개발자 신입/경력 모집,서울 금천구,셀바스에이아이,http://www.saramin.co.kr/zf_user/jobs/relay/view?isMypage=no&rec_idx=38412287
아이나비 내비게이션 전자지도 S/W 개발자 모집,경기 성남시 분당구,주식회사 아이나비시스템즈,http://www.saramin.co.kr/zf_user/jobs/relay/view?isMypage=no&rec_idx=38402405
JAVA 웹 서비스 개발 정규직(신입 및 경력) 채용,경기 성남시 분당구,㈜지오투정보기술,http://www.saramin.co.kr/zf_user/jobs/relay/view?isMypage=no&rec_idx=38362383
Delphi/웹 개발자(신입/경력) 채용 공고,서울 금천구,㈜씨아이에스텍,http://www.saramin.co.kr/zf_user/jobs/relay/view?isMypage=no&rec_idx=38426901
[SBS계열사-DMC미디어] 광고 플랫폼 운영/유지보수 담당자 채용,서울 강남구,디엠씨미디어,http://www.saramin.co.kr/zf_user/jobs/relay/view?isMypage=no&rec_idx=38413559
"JAVA/JSP 웹개발/iOS개발 [2020신입공채] e커머스,솔루션, SM,SI",서울 구로구,아이시프트,http://www.saramin.co.kr/zf_user/jobs/relay/view?isMypage=no&rec_idx=38322276
[개발/사업관리/영업지원] 각 부문별 신입ㆍ경력 채용,서울 영등포구,(주)혁산정보시스템,http://www.saramin.co.kr/zf_user/jobs/relay/view?isMypage=no&rec_idx=38385419
"온라인사업본부 분야별 채용 - 서비스기획, 개발, 퍼블리셔, DBA",서울 서대문구,㈜미디어윌,http://www.saramin.co.kr/zf_user/jobs/relay/view?isMypage=no&rec_idx=38432413
존슨매티코리아(주) 영업지원 업무 Customer service - 계약직,서울 마포구,존슨매티코리아(주),http://www.saramin.co.kr/zf_user/jobs/relay/view?isMypage=no&rec_idx=38270768
"각부문 경력사원 채용(웹개발/웹서비스 기획,운영/웹퍼블리싱)",서울 마포구,KBS미디어㈜,http://www.saramin.co.kr/zf_user/jobs/relay/view?isMypage=no&rec_idx=38415863
[메가존클라우드] Mass Migration Center 부문별 채용,서울 강남구,메가존(주),http://www.saramin.co.kr/zf_user/jobs/relay/view?isMypage=no&rec_idx=38348572
[메가존클라우드] AI System 부문 채용,서울 강남구,메가존(주),http://www.saramin.co.kr/zf_user/jobs/relay/view?isMypage=no&rec_idx=38412758
응용프로그램 개발 경력 채용,경기 오산시,(주)프로티앤씨,http://www.saramin.co.kr/zf_user/jobs/relay/view?isMypage=no&rec_idx=38410540
(주) 알앤비소프트 2020년 각부문별 신입/경력직 모집,경기 성남시 분당구,㈜알앤비소프트,http://www.saramin.co.kr/zf_user/jobs/relay/view?isMypage=no&rec_idx=38371015
[강남/월221만/소속전환] (주)LF 온라인몰 정산(SAP) 사무직채용,서울 강남구,㈜키스템프,http://www.saramin.co.kr/zf_user/jobs/relay/view?isMypage=no&rec_idx=38421019
2020년 하반기 (주)모비젠 부문별 경력 모집 공고,서울 송파구,(주)모비젠,http://www.saramin.co.kr/zf_user/jobs/relay/view?isMypage=no&rec_idx=38284310
(주) 라톤테크  JAVA/JSP  보안 솔루션 웹개발자 (신입/경력),서울 금천구,(주)라톤테크,http://www.saramin.co.kr/zf_user/jobs/relay/view?isMypage=no&rec_idx=38410395
eCRF 웹개발(PHP/ASP) 신입 및 경력(3년미만) 사원 채용(정규직),서울 성동구,(주)엠투컴,http://www.saramin.co.kr/zf_user/jobs/relay/view?isMypage=no&rec_idx=38432575
"개발자(Java, App) 채용-신입인턴",서울 마포구,스카이웨어,http://www.saramin.co.kr/zf_user/jobs/relay/view?isMypage=no&rec_idx=38388595
"IT개발부 신입/경력 개발자 모집 (웹/모바일, Java, Android)",서울 금천구,(주)유플러스시스템,http://www.saramin.co.kr/zf_user/jobs/relay/view?isMypage=no&rec_idx=38411578
"Java 웹프로그래머 [신입, 경력] 정규직 채용",서울 금천구,(주)내담씨앤씨,http://www.saramin.co.kr/zf_user/jobs/relay/view?isMypage=no&rec_idx=38300492
2020년 상반기 경력직 채용,서울 강남구,(주)비아이매트릭스,http://www.saramin.co.kr/zf_user/jobs/relay/view?isMypage=no&rec_idx=38204380
"프로그램 개발자 모집 (Linux/Unix C 개발자, 웹개발자 )",서울 강남구,(주)지란지교에스앤씨,http://www.saramin.co.kr/zf_user/jobs/relay/view?isMypage=no&rec_idx=38385973
php 웹개발자 모집,서울 강남구,(주)액시스소프트,http://www.saramin.co.kr/zf_user/jobs/relay/view?isMypage=no&rec_idx=38424232
[국비/노동부지원100%무료IT취업과정]JAVA/자바개발자 취업과정,서울 금천구,(주)한국소프트웨어아이엔씨,http://www.saramin.co.kr/zf_user/jobs/relay/view?isMypage=no&rec_idx=38138597
[국비/노동부지원100%무료IT취업과정]JAVA/자바개발자 취업과정,서울 금천구,(주)한국소프트웨어아이엔씨,http://www.saramin.co.kr/zf_user/jobs/relay/view?isMypage=no&rec_idx=38429195
IT개발 및 기술지원 담당자 채용 공고,서울 영등포구,에이치투오시스템테크놀로지(주),http://www.saramin.co.kr/zf_user/jobs/relay/view?isMypage=no&rec_idx=38405084
프란츠 웹 디자이너 채용공고,서울 관악구,바이오센서연구소(주),http://www.saramin.co.kr/zf_user/jobs/relay/view?isMypage=no&rec_idx=38421739
